Annee,FORMATION,DATE_DEB_CONTRAT,DATE_FIN_CONTRAT,NOM_ENTREPRISE,CP_ENTREPRISE,VILLE_ENTREPRISE,FORME_JURIDIQUE_ENTREPRISE
2016-2017,LP RDN (métiers de l'info),2016-09-01,2017-09-29,IFME,30000,NIMES,
2016-2017,LP RDN (métiers de l'info),2017-08-31,2017-08-31,CNRS MOY1100 ALPES,38042,GRENOBLE,Etablissement secondaire
2016-2017,LP RDN (métiers de l'info),2016-08-29,2017-07-31,LANGUEDOC ROUSSILLON LIVRE ET LECTURE,34090,MONTPELLIER,ASSOCIATION
2016-2017,LP RDN (métiers de l'info),2016-10-01,2017-08-31,MIND AND GO,66000,PERPIGNAN,
2016-2017,M IDS ESSAP 1A,2016-09-22,2018-08-30,ADREA MUTUELLE,30018,NIMES,
2016-2017,M IDS ESSAP 2A,2016-10-03,2017-08-31,SAS VOY'AGIR,34000,MONTPELLIER,SAS
2016-2017,M IDS ESSAP 2A,2016-10-03,2017-09-30,ASSOCIATION DES PARALYSES DE FRANCE,30000,NIMES,ASSOCIATION
2016-2017,M IDS ESSAP 2A,2015-10-01,2017-09-30,IMEIF,34080,MONTPELLIER,
2016-2017,M IDS ESSAP 2A,2015-12-01,2016-11-30,CONSEIL DEPARTEMENTAL DE L'HERAULT,34070,MONTPELLIER,Collectivité Territoriale
2016-2017,M IDS ESSAP 2A,2016-10-03,2017-06-30,SPIP 31,31603,MURET CEDEX,
2016-2017,M IDS PIDT 1A,2016-12-01,2018-09-30,DISP TOULOUSE SUD,31015,TOULOUSE CEDEX 6,ADMIN ETAT
2016-2017,M IDS PIDT 2A,2015-10-01,2017-09-30,DISP TOULOUSE SUD,31015,TOULOUSE CEDEX 6,ADMIN ETAT
2016-2017,M IDS PIDT 2A,2015-12-01,2017-09-30,DISP TOULOUSE SUD,31015,TOULOUSE CEDEX 6,ADMIN ETAT
2016-2017,M IDS PIDT 2A,2016-09-13,2017-08-31,MAIRIE DE TOULOUSE,31000,TOULOUSE,Commune et Commune Nouvelle
2016-2017,M IDS PIDT 2A,2016-10-03,2017-09-30,DDT 84 VAUCLUSE,84000,AVIGNON,ADMIN ETAT
2016-2017,M MISRH 1A,2016-09-26,2018-10-05,SAS URBANIS,30900,NIMES,SAS
2016-2017,M MISRH 1A,2016-08-29,2018-10-05,EDF CNPE TRICASTIN,26130,ST PAUL TROIS CHATEAUX,SA
2016-2017,M MISRH 1A,2016-09-01,2018-10-05,COMMUNE DE LE GRAU DU ROI,30240,LE GRAU DU ROI,ADMIN ETAT
2016-2017,M MISRH 1A,2016-07-01,2018-10-05,TML EXPERTS CONSEILS,30900,NIMES,SARL
2016-2017,M MISRH 1A,2016-09-12,2018-10-05,EDF-CNPE CRUAS-MEYSSE,7350,CRUAS,SA
2016-2017,M MISRH 1A,2016-09-12,2018-10-05,EDF-CNPE CRUAS-MEYSSE,7350,CRUAS,SA
2016-2017,M MISRH 1A,2016-09-01,2018-10-05,COLAS MM,34430,SAINT JEAN DE VEDAS,
2016-2017,M MISRH 2A,2015-09-28,2017-09-30,LA POSTE,78180,MONTIGNY LE BRETONNEUX,
2016-2017,M MISRH 2A,2015-09-14,2017-09-30,TAM,34075,MONTPELLIER,SOCIETE ANONYME d'ECONOMIE MIXTE
2016-2017,M MISRH 2A,2015-09-01,2017-09-30,BANQUE POPULAIRE DU SUD,66000,PERPIGNAN,
2016-2017,M MISRH 2A,2015-09-01,2017-09-30,SNCF RESEAU,34070,MONTPELLIER,SA
2016-2017,M MISRH 2A,2016-10-15,2017-09-29,RENAULT SAS,94600,CHOISY LE ROI,SAS
2016-2017,M MISRH 2A,2015-10-26,2017-09-30,NESTLE WATERS SUPPLY SUD,30310,VERGEZE,SAS
2016-2017,M MISRH 2A,2015-09-14,2017-09-30,EDF - CNPE DE GOLFECH,82401,VALENCE D'AGEN CEDEX,SA
2016-2017,M MISRH 2A,2016-09-01,2017-09-30,EDF-CNPE CRUAS-MEYSSE,7350,CRUAS,SA
2016-2017,M MISRH 2A,2016-09-19,2017-09-29,POINT P MBM,,,SAS
2016-2017,M MISRH 2A,2016-08-22,2017-09-29,LA POSTE DSI BSCC,34070,MONTPELLIER,SA CA
2016-2017,M MISRH 2A,2015-11-02,2017-09-30,SHERPAS,13013,MARSEILLE,
2016-2017,M2 CNO,2016-09-01,2017-09-30,CC LA DOMITIENNE,34370,MAUREILHAN,FP TERRITORIALE
2016-2017,M2 CNO,2016-09-01,2017-09-29,ENEDIS,34070,MONTPELLIER,Entreprise individuelle
2016-2017,M2 CNO,2016-09-01,2017-09-29,RECTORAT DE MONTPELLIER,34000,MONTPELLIER,ADMIN ETAT
2016-2017,M2 CNO,2016-07-11,2017-09-29,VALÉRO FRANCE,34501,Béziers cedex,
2016-2017,M2 CNO,2016-08-01,2017-09-30,CREDIT AGRICOLE SUD MEDITERRANEE,66100,PERPIGNAN,SA CA
2016-2017,M2 CNO,2016-09-01,2017-09-30,AIRBUS CORPORATE JET CENTRE,31060,TOULOUSE,
2016-2017,M2 CNO,2016-09-19,2017-09-30,ECOLE DES MINES D'ALES,30100,ALES,
2016-2017,M2 COMPAC,2016-10-01,2017-09-30,PREFECTURE DES PYRENEES ORIENTALES,66100,PERPIGNAN,ADMIN ETAT
2016-2017,M2 COMPAC,2016-10-17,2017-10-16,UNIVERSITE PAUL VALERY MONTPELLIER 3,34199,MONTPELLIER CEDEX 5,ADMIN ETAT
2016-2017,M2 COMPAC,2016-09-15,2017-09-29,ORANGE,34000,MONTPELLIER,SA
2016-2017,M2 COMPAC,2016-09-01,2017-09-29,PREFECTURE DE L'HERAULT,34070,MONTPELLIER,ADMIN ETAT
2016-2017,M2 CPO,2016-09-01,2017-09-29,DOMES PHARMA,63430,PONT DU CHATEAU,
2016-2017,M2 PTO,2016-07-25,2017-11-25,LA POSTE CENTRE FINANCIER,34000,MONTPELLIER,SA CA
2016-2017,M2 PTO,2016-10-10,2017-10-09,IVECO FRANCE,7104,ANNONAY CEDEX,
2016-2017,M2 PTO,2016-10-24,2017-10-23,SAS LE PETITES CANAILLES,92200,NEUILLY SUR SEINE,SAS
2016-2017,M2 PTO,2016-12-05,2017-09-30,CENTRE HOSPITALIER DE MENDE,48000,MENDE,ADMIN ETAT
2016-2017,M2 PTO,2016-12-23,2017-12-22,CDG 34,34184,MONTPELLIER,ADMIN ETAT
2016-2017,M2 PTO,2016-09-14,2017-09-30,EI GROUPE,34000,MONTPELLIER,SAS
2016-2017,M2 PTO,2016-09-05,2017-11-24,LA POSTE CENTRE FINANCIER,34000,MONTPELLIER,SA CA
2017-2018,LP RDN,2017-08-28,2018-07-31,LANGUEDOC ROUSSILLON LIVRE ET LECTURE,34090,MONTPELLIER,ASSOCIATION
2017-2018,M IDS ESSAP 1A,2017-10-02,2019-09-30,CENTRE SOCIAL SOLEIL SAINT BLAISE,75020,PARIS 20E,ASSOCIATION
2017-2018,M IDS ESSAP 1A,2017-12-01,2019-09-30,DISP TOULOUSE SUD,31015,TOULOUSE CEDEX 6,ADMIN ETAT
2017-2018,M IDS ESSAP 1A,2017-12-01,2019-09-30,DISP TOULOUSE SUD,31015,TOULOUSE CEDEX 6,ADMIN ETAT
2017-2018,M IDS ESSAP 2A,2017-11-01,2018-09-30,DEPARTEMENT DU GARD,30900,NIMES,Administration Publique Générale
2017-2018,M IDS PIDT 1A,2017-08-28,2019-08-31,RESEDA,30100,ALES,ASSOCIATION
2017-2018,M IDS PIDT 1A,2017-09-04,2019-09-27,CENTRE SOCIAL ET CULTUREL DANUBE,75019,PARIS 19E,SARL
2017-2018,M IDS PIDT 1A,2017-10-01,2019-09-30,CONSEIL DEPARTEMENTAL DE L'HERAULT,34070,MONTPELLIER,Collectivité Territoriale
2017-2018,M IDS PIDT 2A,2017-10-16,2018-10-15,COMMUNAUTE D'AGGLO ALBIGEOIS,81160,SAINT JUERY,FP TERRITORIALE
2017-2018,M IDS PIDT 2A,2016-12-01,2018-09-30,DISP TOULOUSE SUD,31015,TOULOUSE CEDEX 6,ADMIN ETAT
2017-2018,M MIASHS 1A,2017-10-01,2019-09-30,CONSEIL DEPARTEMENTAL DE L'HERAULT,34070,MONTPELLIER,Collectivité Territoriale
2017-2018,M MIASHS 1A,2017-09-04,2019-08-30,SNCF MOBILITES,92000,NANTERRE,Etablissement secondaire
2017-2018,M MIASHS 1A,2017-10-09,2019-08-31,LABORATOIRE CHAUVIN,34070,MONTPELLIER,SAS
2017-2018,M MIASHS 1A,2018-01-02,2019-08-31,POLE EMPLOI-DIRECTION DES SYSTÈMES D',34170,CASTELNAU LE LEZ,EPA
2017-2018,M MIASHS 1A,2017-09-06,2019-08-30,ORANGE,34070,MONTPELLIER,SA
2017-2018,M MIASHS 1A,2017-09-04,2019-08-30,SANOFI AVENTIS RECHERCHE DEVELOPPEMENT,34070,MONTPELLIER,SA
2017-2018,M MIASHS 2A,2017-09-04,2018-08-31,SEENOVATE,75017,PARIS 17E,SAS
2017-2018,M MIASHS 2A,2017-09-25,2018-08-31,SNCF,34000,MONTPELLIER,Etablissement secondaire
2017-2018,M MIASHS 2A,2017-09-04,2018-08-31,SEENOVATE,75017,PARIS 17E,SAS
2017-2018,M MIASHS 2A,2017-09-01,2018-08-31,AUDRNA,30023,Nîmes cedex 1,ASSOCIATION
2017-2018,M MISRH 1A,2017-11-20,2019-11-19,POLE EMPLOI-DIRECTION DES SYSTÈMES D',34170,CASTELNAU LE LEZ,EPA
2017-2018,M MISRH 1A,2017-10-01,2018-09-30,CONSEIL DEPARTEMENTAL DE L'HERAULT,34070,MONTPELLIER,Collectivité Territoriale
2017-2018,M MISRH 1A,2017-09-04,2019-10-04,ENEDIS,34070,MONTPELLIER,Entreprise individuelle
2017-2018,M MISRH 1A,2017-09-04,2019-09-30,EDF CNPE DE CRUAS,7350,CRUAS,SA CA
2017-2018,M MISRH 1A,2017-09-01,2019-09-30,COMMUNAUTÉ D'AGGLOMÉRATION DE NÎMES,30900,NIMES,ADMIN ETAT
2017-2018,M MISRH 1A,2017-09-26,2019-09-30,EDF CNPE DE CRUAS,7350,CRUAS,SA CA
2017-2018,M MISRH 1A,2017-09-04,2019-09-30,POINT P MBM,,,SAS
2017-2018,M MISRH 1A,2017-10-01,2019-09-30,CONSEIL DEPARTEMENTAL DE L'HERAULT,34070,MONTPELLIER,Collectivité Territoriale
2017-2018,M MISRH 1A,2017-09-04,2019-09-30,SNCF RESEAU,34070,MONTPELLIER,SA
2017-2018,M MISRH 2A,2016-09-26,2018-10-05,SAS URBANIS,30900,NIMES,SAS
2017-2018,M MISRH 2A,2017-08-28,2018-09-27,IPSIDE,31100,TOULOUSE,SAS
2017-2018,M MISRH 2A,2017-09-23,2018-09-30,ATOS MANAGEMENT FRANCE,95870,BEZONS,SAS
2017-2018,M MISRH 2A,2016-07-01,2018-10-05,TML EXPERTS CONSEILS,30900,NIMES,SARL
2017-2018,M MISRH 2A,2016-09-12,2018-10-05,EDF-CNPE CRUAS-MEYSSE,7350,CRUAS,SA
2017-2018,M MISRH 2A,2016-09-12,2018-10-05,EDF-CNPE CRUAS-MEYSSE,7350,CRUAS,SA
2017-2018,M MISRH 2A,2017-08-01,2018-10-12,TAM,34075,MONTPELLIER,SOCIETE ANONYME d'ECONOMIE MIXTE
2017-2018,M MISRH 2A,2017-09-20,2018-09-28,CMA CGM,13002,MARSEILLE 2E,
2017-2018,M MISRH 2A,2016-09-01,2018-10-05,COLAS MM,34430,SAINT JEAN DE VEDAS,
2017-2018,M2 CNO,2017-10-16,2018-09-28,ONISEP DELEGATION LR,34064,MONTPELLIER CEDEX 2,EPA
2017-2018,M2 CNO,2017-08-21,2018-08-31,CREAVEA,34740,VENDARGUES,SARL
2017-2018,M2 CNO,2017-09-25,2018-09-28,RECTORAT DE MONTPELLIER,34000,MONTPELLIER,ADMIN ETAT
2017-2018,M2 CNO,2017-10-02,2018-09-28,PREFECTURE DU GARD,30900,NIMES,ADMIN ETAT
2017-2018,M2 CNO,2017-09-04,2018-09-28,NETHEOS,34000,MONTPELLIER,SAS
2017-2018,M2 CNO,2017-08-01,2018-09-28,INNO'VO,34370,MAUREILHAN,SAS
2017-2018,M2 CNO,2017-10-16,2018-09-28,COMUE LR-UNIVIVERSITÉ,34197,MONTPELLIER CEDEX 85,Etablissement Public National Scientif
2017-2018,M2 CNO,2017-08-28,2018-09-28,PREFECTURE DE L'HERAULT,34070,MONTPELLIER,ADMIN ETAT
2017-2018,M2 COMPAC,2017-10-02,2018-09-28,PREFECTURE DES PYRENEES ORIENTALES,66100,PERPIGNAN,ADMIN ETAT
2017-2018,M2 COMPAC,2017-11-27,2018-09-28,SSM RESTAURATION,66000,PERPIGNAN,SARL
2017-2018,M2 COMPAC,2017-09-04,2018-09-28,MAIRIE DE NARBONNE,11100,NARBONNE,ADMIN ETAT
2017-2018,M2 COMPAC,2017-09-01,2018-09-28,SOURDOREILLE PRODUCTION,93400,SAINT OUEN,SARL
2017-2018,M2 COMPAC,2017-09-04,2018-09-28,BIOVIVA EDITIONS,34000,MONTPELLIER,SARL
2017-2018,M2 COMPAC,2017-09-01,2018-08-31,BORDEAUX METROPOLE,33000,BORDEAUX,Etablissement public
2017-2018,M2 COMPAC,2017-09-04,2018-09-28,CAPITOLE STUDIOS,84130,LE PONTET,SA
2017-2018,M2 COMPAC,2017-10-02,2018-09-28,DEPARTEMENT DE L'AUDE,11000,CARCASSONNE,Collectivité Territoriale
2017-2018,M2 COMPAC,2017-09-04,2018-09-30,MONTPELLIER DANSE,34960,MONTPELLIER,ASSOCIATION
2017-2018,M2 COMPAC,2017-09-04,2018-10-12,ENEDIS,34070,MONTPELLIER,Entreprise individuelle
2017-2018,M2 COMPAC,2017-09-04,2018-09-28,PREFECTURE DE L'HERAULT,34070,MONTPELLIER,ADMIN ETAT
2017-2018,M2 COMPAC,2017-10-01,2018-09-30,PAYS DE L'OR AGGLOMERATION,34130,MAUGUIO,Commune et Commune Nouvelle
2017-2018,M2 CPO,2017-10-16,2018-10-31,CAISSE DES DEPOTS ET CONSIGNATIONS,33059,BORDEAUX,Etablissement public
2017-2018,M2 CPO,2017-09-04,2018-09-28,GRID SOLUTIONS,34070,MONTPELLIER,SAS
2017-2018,M2 GIMD,2017-09-11,2018-09-28,ENSAM,34070,MONTPELLIER,Etablissement public
2017-2018,M2 GIMD,2017-09-01,2018-09-30,MINISTERE DE LA CULTURE,75033,PARIS CEDEX 01,ADMIN ETAT
2017-2018,M2 GIMD,2017-11-01,2018-09-28,MONTPELLIER SUPAGRO,34000,MONTPELLIER,EPA
2017-2018,M2 GIMD,2017-09-01,2018-09-28,ADECCO,34430,SAINT JEAN DE VEDAS,Sté actions simplifiée unipersonnelle
2017-2018,M2 HUMANUM,2017-12-01,2018-11-27,AFPA ENTREPRISES,93100,MONTREUIL,EPIC
2017-2018,M2 HUMANUM,2017-07-04,2018-10-31,ETUDES ET CHANTIERS,35000,RENNES,ASSOCIATION
2017-2018,M2 HUMANUM,2017-09-01,2018-09-28,TRALALERE,75003,PARIS 3E,SAS
2017-2018,M2 MAVINUM,2017-09-21,2018-09-21,PIERRE FABRE,81106,CASTRES CEDEX,SA
2017-2018,M2 MAVINUM,2017-10-01,2018-09-30,CONSEIL DEPARTEMENTAL DE L'HERAULT,34070,MONTPELLIER,Collectivité Territoriale
2017-2018,M2 PTO,2017-11-07,2018-11-06,CENTRE HOSPITALIER DE MENDE,48000,MENDE,ADMIN ETAT
2017-2018,M2 PTO,2017-09-11,2018-09-07,ECLIPSE ISTEC,34000,MONTPELLIER,SAS
2017-2018,M2 PTO,2017-09-11,2018-09-10,LA POSTE CENTRE FINANCIER,34000,MONTPELLIER,SA CA
2017-2018,M2 PTO,2017-09-04,2018-08-31,BNP PARIBAS SECURITIES SERVICES,93500,PANTIN,SCA
2017-2018,M2 PTO,2017-12-11,2018-09-28,M-PEARL,6600,ANTIBES,Sté actions simplifiée unipersonnelle
2018-2019,DUT SAP,2018-09-03,2020-08-30,A2MICILE - AZAE NARBONNE,11200,LEZIGNAN CORBIERES,SARL
2018-2019,LP RDN,2018-09-03,2019-07-31,OCCITANIE LIVRE & LECTURE,31000,TOULOUSE,ASSOCIATION
2018-2019,LP RDN,2018-09-03,2019-08-30,CNRS UMR5138 ARCHEOMETRIE ET ARCHEOLOG,69007,LYON 07,Etablissement secondaire
2018-2019,LP RDN,2018-09-01,2019-08-31,CNRS MOY1100 ALPES,38042,GRENOBLE,Etablissement secondaire
2018-2019,M IDS ESSAP 1A,2018-11-06,2020-09-25,PLATE FORME CREATION D'ACTIVITE DEP 34,34080,MONTPELLIER,ASSOCIATION
2018-2019,M IDS ESSAP 1A,2018-09-17,2020-09-30,CONSEIL DEPARTEMENTAL DE L'HERAULT,34070,MONTPELLIER,Collectivité Territoriale
2018-2019,M IDS ESSAP 2A,2018-10-01,2019-09-27,ADVAH,34080,MONTPELLIER,ASSOCIATION
2018-2019,M IDS PIDT 1A,2018-09-17,2020-09-30,APPRENTIS D'AUTEUIL - IMPACT JEUNES,75016,PARIS,FONDATION
2018-2019,M IDS PIDT 1A,2018-08-20,2020-09-25,DÉPARTEMENT DE LOIRE-ATLANTIQUE,44041,NANTES,ADMIN ETAT
2018-2019,M IDS PIDT 1A,2018-09-01,2020-08-30,ASS RESEAU EN SCENE,34070,MONTPELLIER,ASSOCIATION
2018-2019,M IDS PIDT 2A,2017-10-02,2019-09-30,CENTRE SOCIAL SOLEIL SAINT BLAISE,75020,PARIS 20E,ASSOCIATION
2018-2019,M IDS PIDT 2A,2017-08-28,2019-08-31,RESEDA,30100,ALES,ASSOCIATION
2018-2019,M IDS PIDT 2A,2017-12-01,2019-09-30,DISP TOULOUSE SUD,31015,TOULOUSE CEDEX 6,ADMIN ETAT
2018-2019,M IDS PIDT 2A,2017-09-04,2019-09-27,CENTRE SOCIAL ET CULTUREL DANUBE,75019,PARIS 19E,SARL
2018-2019,M IDS PIDT 2A,2017-10-01,2019-09-30,CONSEIL DEPARTEMENTAL DE L'HERAULT,34070,MONTPELLIER,Collectivité Territoriale
2018-2019,M IDS PIDT 2A,2017-12-01,2019-09-30,DISP TOULOUSE SUD,31015,TOULOUSE CEDEX 6,ADMIN ETAT
2018-2019,M IDS PIDT 2A,2018-07-01,2019-09-30,MISSION LOCALE JEUNE MONTPELLIER,34000,MONTPELLIER,ASSOCIATION
2018-2019,M MIASHS 1A,2018-09-10,2020-09-10,MILLIONROADS,84000,AVIGNON,SAS
2018-2019,M MIASHS 1A,2018-09-03,2020-08-30,INST NATIONAL RECHERCHE AGRONOMIQUE,34070,MONTPELLIER,EPST
2018-2019,M MIASHS 1A,2018-10-01,2020-08-31,BANQUE POPULAIRE DU SUD,66000,PERPIGNAN,
2018-2019,M MIASHS 1A,2019-01-01,2020-08-31,MAIRIE DE NANCY,54035,NANCY,Commune et Commune Nouvelle
2018-2019,M MIASHS 1A,2018-09-03,2020-08-28,FCS FORMATION,93100,MONTREUIL,Entr. unipersonnelle à resp. limitée
2018-2019,M MIASHS 1A,2018-09-17,2020-08-31,OLYSTIC,75008,PARIS 8,SAS
2018-2019,M MIASHS 1A,2018-09-03,2020-09-02,GROUPAMA SUPPORTS ET SERVICES,34170,CASTELNAU LE LEZ,GIE
2018-2019,M MIASHS 1A,2018-09-03,2020-08-28,PRICEWATERHOUSECOOPERS ADVISORY,92200,NEUILLY SUR SEINE,SAS
2018-2019,M MIASHS 1A,2018-09-03,2020-08-31,MEDIAMETRIE,92300,LEVALLOIS PERRET,SA
2018-2019,M MIASHS 1A,2019-09-02,2020-09-04,PRICEWATERHOUSECOOPERS ADVISORY,92200,NEUILLY SUR SEINE,SAS
2018-2019,M MIASHS 1A,2018-10-01,2020-09-30,AXONAL-BIOSTATEM,92000,NANTERRE,SAS
2018-2019,M MIASHS 1A,2019-01-07,2020-08-28,ACELYS INFORMATIQUE,34000,MONTPELLIER,SAS
2018-2019,M MIASHS 1A,2018-10-29,2020-08-31,VESTAS FRANCE,34470,PEROLS,SAS
2018-2019,M MIASHS 1A,2018-09-03,2020-08-31,ASSOCIATION DES MOYENS ASSURANCES,49906,ANGERS CEDEX 9,ASSOCIATION
2018-2019,M MIASHS 1A,2018-09-03,2020-08-28,REPORT ONE,81150,TERSSAC,SAS
2018-2019,M MIASHS 1A,2018-09-24,2020-08-31,FAURECIA INTERIEUR INDUSTRIE,60114,MERU,SAS
2018-2019,M MIASHS 1A,2018-09-03,2020-08-28,EDF SA DIRECTION COMMERCE SUD OUEST,31100,TOULOUSE,SA
2018-2019,M MIASHS 1A,2018-10-01,2020-09-30,AIR FRANCE,93290,TREMBLAY EN FRANCE,SA CA
2018-2019,M MIASHS 1A,2018-09-10,2020-09-11,SNCF MOBILITES,93200,SAINT DENIS,SIEGE
2018-2019,M MIASHS 1A,2018-09-03,2020-08-31,LISI AEROSPACE,75583,PARIS,
2018-2019,M MIASHS 1A,2018-09-03,2020-08-28,BALEA,34270,SAINT MATHIEU DE TREVIERS,SAS
2018-2019,M MIASHS 1A,2018-11-12,2020-08-28,PRICEWATERHOUSECOOPERS ADVISORY,34000,MONTPELLIER,SAS
2018-2019,M MIASHS 1A,2018-09-03,2020-08-28,TELLMEPLUS,34980,ST CLEMENT DE RIVIERE,SA
2018-2019,M MIASHS 1A,2018-08-20,2020-08-20,GEOMATYS,34934,MONTPELLIER,SAS
2018-2019,M MIASHS 2A,2017-10-01,2019-09-30,CONSEIL DEPARTEMENTAL DE L'HERAULT,34070,MONTPELLIER,Collectivité Territoriale
2018-2019,M MIASHS 2A,2018-09-01,2019-08-31,AIRBUS OPERATIONS SAS TOULOUSE,31000,TOULOUSE,Sté actions simplifiée unipersonnelle
2018-2019,M MIASHS 2A,2017-10-09,2019-08-31,LABORATOIRE CHAUVIN,34070,MONTPELLIER,SAS
2018-2019,M MIASHS 2A,2018-01-02,2019-08-31,POLE EMPLOI-DIRECTION DES SYSTÈMES D',34170,CASTELNAU LE LEZ,EPA
2018-2019,M MIASHS 2A,2018-10-25,2019-08-31,CONSEIL DEPARTEMENTAL DE L'HERAULT,34070,MONTPELLIER,Collectivité Territoriale
2018-2019,M MIASHS 2A,2018-09-01,2019-08-31,AIRBUS OPERATIONS SAS TOULOUSE,31000,TOULOUSE,Sté actions simplifiée unipersonnelle
2018-2019,M MIASHS 2A,2018-09-17,2019-08-31,SEENOVATE,34000,MONTPELLIER,SAS
2018-2019,M MIASHS 2A,2017-09-06,2019-08-30,ORANGE,34070,MONTPELLIER,SA
2018-2019,M MIASHS 2A,2017-09-04,2019-08-30,SANOFI AVENTIS RECHERCHE DEVELOPPEMENT,34070,MONTPELLIER,SA
2018-2019,M MISRH 1A,2018-09-03,2020-10-02,CLINIQUE SAINT JEAN,34093,MONTPELLIER CEDEX 05,SAS
2018-2019,M MISRH 1A,2018-08-06,2020-10-02,LA POSTE,34391,MONTPELLIER CEDEX 5,SA CA
2018-2019,M MISRH 1A,2018-09-03,2020-10-02,MERLIN GERIN ALES (SHNEIDER),30319,ALES,SAS
2018-2019,M MISRH 1A,2018-09-03,2020-10-02,GMCO,34970,LATTES,SAS
2018-2019,M MISRH 1A,2018-09-10,2020-08-31,CONSEIL DEPARTEMENTAL DE L'HERAULT,34070,MONTPELLIER,Collectivité Territoriale
2018-2019,M MISRH 1A,2018-09-06,2020-10-02,EDF-CNPE CRUAS-MEYSSE,7350,CRUAS,SA
2018-2019,M MISRH 1A,2018-10-22,2020-09-30,DUC,30730,SAINT BAUZELY,SA
2018-2019,M MISRH 1A,2018-09-01,2020-08-31,VORTEX,34430,SAINT JEAN DE VEDAS,SAS
2018-2019,M MISRH 1A,2018-09-06,2020-10-02,EDF-CNPE CRUAS-MEYSSE,7350,CRUAS,SA
2018-2019,M MISRH 1A,2018-11-29,2020-10-02,AFPA ENTREPRISES,34000,MONTPELLIER,EPIC
2018-2019,M MISRH 1A,2018-09-01,2020-10-02,TELESPAZIO FRANCE,31023,TOULOUSE,SAS
2018-2019,M MISRH 1A,2018-09-03,2020-10-02,R2M EXPERTISE,34080,MONTPELLIER,Sté actions simplifiée unipersonnelle
2018-2019,M MISRH 2A,2017-11-20,2019-11-19,POLE EMPLOI-DIRECTION DES SYSTÈMES D',34170,CASTELNAU LE LEZ,EPA
2018-2019,M MISRH 2A,2017-09-04,2019-10-04,ENEDIS,34070,MONTPELLIER,Entreprise individuelle
2018-2019,M MISRH 2A,2017-09-04,2019-09-30,EDF CNPE DE CRUAS,7350,CRUAS,SA CA
2018-2019,M MISRH 2A,2018-09-03,2019-09-30,SIRH CONSULTING,34920,LE CRES,SARL
2018-2019,M MISRH 2A,2017-09-01,2019-09-30,COMMUNAUTÉ D'AGGLOMÉRATION DE NÎMES,30900,NIMES,ADMIN ETAT
2018-2019,M MISRH 2A,2017-09-04,2019-09-30,SNCF RESEAU,34070,MONTPELLIER,SA
2018-2019,M MISRH 2A,2018-09-01,2019-09-28,PSA AUTOMOBILES,25600,SOCHAUX,SA
2018-2019,M MISRH 2A,2018-10-15,2019-09-27,TAM,34075,MONTPELLIER,SOCIETE ANONYME d'ECONOMIE MIXTE
2018-2019,M MISRH 2A,2018-10-01,2019-09-27,MANPOWER,30100,ALES,SAS
2018-2019,M MISRH 2A,2018-10-01,2019-09-30,CARREFOUR HYPERMARCHES,34970,LATTES,SAS
2018-2019,M MISRH 2A,2018-10-15,2019-09-27,MAGASINS GALERIES LAFAYETTE,34960,MONTPELLIER,SAS
2018-2019,M2 CNO,2018-09-03,2019-09-20,SOC D' EXPLOITATION DE LA TOUR EIFFEL,75015,PARIS 15,Société Publique Local
2018-2019,M2 CNO,2018-09-17,2019-09-06,PREFECTURE DE L'HERAULT,34070,MONTPELLIER,ADMIN ETAT
2018-2019,M2 CNO,2018-09-10,2019-09-30,MÉTROPOLE DE LYON,69003,LYON 03,ADMIN ETAT
2018-2019,M2 CNO,2018-10-15,2019-09-30,THALES LAS FRANCE,78995,ELANCOURT CEDEX,SAS
2018-2019,M2 CNO,2018-10-01,2019-09-30,CREPS DE MONTPELLIER,34090,MONTPELLIER,ADMIN ETAT
2018-2019,M2 CNO,2018-09-03,2019-09-20,OPERA ORCHESTRE NATIONAL MONTPELLIER,34967,MONTPELLIER,ASSOCIATION
2018-2019,M2 CNO,2018-10-15,2019-10-11,ONISEP DELEGATION LR,34064,MONTPELLIER CEDEX 2,EPA
2018-2019,M2 CNO,2018-09-24,2019-09-20,PREFECTURE DU GARD,30900,NIMES,ADMIN ETAT
2018-2019,M2 CNO,2018-09-24,2019-09-20,CIE IBM FRANCE,34000,MONTPELLIER,SAS
2018-2019,M2 CNO,2018-09-24,2019-09-23,BORDEAUX METROPOLE,33000,BORDEAUX,Etablissement public
2018-2019,M2 COMPAC,2018-10-01,2019-09-30,COMUE LR-UNIVIVERSITÉ,34197,MONTPELLIER CEDEX 85,Etablissement Public National Scientif
2018-2019,M2 COMPAC,2018-09-17,2019-09-06,PREFECTURE DE L'HERAULT,34070,MONTPELLIER,ADMIN ETAT
2018-2019,M2 COMPAC,2018-10-01,2019-09-30,PREFECTURE DES PYRENEES ORIENTALES,66100,PERPIGNAN,ADMIN ETAT
2018-2019,M2 COMPAC,2018-09-03,2019-09-20,CC LA DOMITIENNE,34370,MAUREILHAN,FP TERRITORIALE
2018-2019,M2 COMPAC,2018-09-24,2019-09-30,REGION OCCITANIE PYRENEES MEDITERRANEE,34070,MONTPELLIER,ADMIN ETAT
2018-2019,M2 COMPAC,2018-09-03,2019-09-20,RECTORAT DE MONTPELLIER,34000,MONTPELLIER,ADMIN ETAT
2018-2019,M2 CPO,2018-09-01,2019-09-06,REGION DE GENDARMERIE LANGUEDOC ROUSSI,34070,MONTPELLIER,GIE
2018-2019,M2 CPO,2018-09-03,2019-09-29,SE IT FRANCE,38334,MONTBONNOT ST MARTIN,SAS
2018-2019,M2 CPO,2018-10-10,2019-09-30,CONSEIL DEPARTEMENTAL DE L'HERAULT,34070,MONTPELLIER,Collectivité Territoriale
2018-2019,M2 GIMD,2018-10-17,2019-10-16,ENSEA,95800,CERGY,EPA
2018-2019,M2 HUMANUM,2018-09-24,2019-09-23,EPLEFPA,30230,RODILHAN,ADMIN ETAT
2018-2019,M2 HUMANUM,2018-09-07,2019-09-30,RECTORAT DE MONTPELLIER,34000,MONTPELLIER,ADMIN ETAT
2018-2019,M2 HUMANUM,2018-12-13,2019-12-12,LA POSTE CENTRE DEV NUMERIQUE FORM,34090,MONTPELLIER,
2018-2019,M2 HUMANUM,2018-10-01,2019-10-31,MINISTERE DES ARMEES,37000,TOURS,
2018-2019,M2 PTO,2018-09-03,2019-09-27,LA POSTE CENTRE FINANCIER,34000,MONTPELLIER,SA CA
2018-2019,M2 PTO,2018-09-03,2019-09-30,UNIVERSITE PAUL VALERY MONTPELLIER 3,34199,MONTPELLIER CEDEX 5,ADMIN ETAT
2018-2019,M2 PTO,2018-10-22,2019-09-27,UBISOFT,34170,MONTPELLIER,SAS
2018-2019,M2 PTO,2018-09-03,2019-09-30,UNIVERSITE PAUL VALERY MONTPELLIER 3,34199,MONTPELLIER CEDEX 5,ADMIN ETAT
2018-2019,M2 PTO,2018-08-27,2019-08-23,KTK FRANCE SEATS,42160,ANDREZIEUX BOUTHEON,SAS
2018-2019,M2 PTO,2018-09-24,2019-09-30,EI GROUPE,34000,MONTPELLIER,SAS
2018-2019,M2 PTO,2018-10-29,2019-10-28,BTP CFA LANGUEDOC ROUSSILLON,34070,MONTPELLIER,ASSOCIATION
2019-2020,DUT SAP 1A,2019-09-01,2021-08-31,ADAPA,1000,BOURG EN BRESSE,
2019-2020,DUT SAP 2A,2018-09-03,2020-08-30,A2MICILE - AZAE NARBONNE,11200,LEZIGNAN CORBIERES,SARL
2019-2020,LP IS APS,2019-09-01,2020-08-31,CCAS DE FRONTIGNAN,34110,FRONTIGNAN,
2019-2020,LP RDN,2019-08-27,2020-07-31,OCCITANIE LIVRE & LECTURE,31000,TOULOUSE,ASSOCIATION
2019-2020,M CNO 1A,2019-10-16,2021-09-06,PREFECTURE DES PYRENEES ORIENTALES,66100,PERPIGNAN,ADMIN ETAT
2019-2020,M CNO 1A,2019-12-01,2021-11-30,AGENCE REGIONALE DE SANTE OCCITANIE,34070,MONTPELLIER,ADMIN ETAT
2019-2020,M CNO 2A,2019-09-09,2020-09-07,ORANGE,6560,VALBONNE,SA
2019-2020,M CNO 2A,2019-09-06,2021-09-17,AQUA-VALLEY PÔLE EAU,34070,MONTPELLIER,ASSOCIATION
2019-2020,M CNO 2A,2019-09-02,2020-09-07,DEPARTEMENT DE L'AUDE,11000,CARCASSONNE,Collectivité Territoriale
2019-2020,M CNO 2A,2019-09-16,2020-09-11,J PIERRE LAVAILL CONSEILS,34300,AGDE,Entr. unipersonnelle à resp. limitée
2019-2020,M CNO 2A,2019-09-01,2020-08-31,SO COCOON,34970,LATTES,
2019-2020,M CNO 2A,2019-10-28,2020-09-07,EPCC MOCO,34000,MONTPELLIER,EPCC
2019-2020,M CNO 2A,2019-09-02,2020-09-07,MEDISUR,13590,MEYREUIL,SAS
2019-2020,M CNO 2A,2019-09-09,2020-09-08,MÉTROPOLE DE LYON,69003,LYON 03,ADMIN ETAT
2019-2020,M COMPAC 1A,2019-09-02,2021-09-06,MERCY SHIPS,1210,FERNEY VOLTAIRE,ASSOCIATION
2019-2020,M COMPAC 1A,2019-09-02,2021-09-06,PREFECTURE DU GARD,30900,NIMES,ADMIN ETAT
2019-2020,M COMPAC 1A,2019-09-02,2021-09-01,SGAMI SUD,13014,MARSEILLE,ADMIN ETAT
2019-2020,M COMPAC 1A,2020-01-01,2021-09-06,CHU ROYANS,17200,ROYAN CEDEX,ADMIN ETAT
2019-2020,M COMPAC 2A,2019-09-11,2020-09-11,PROMETHEE PRODUCTIONS,75009,PARIS,SAS
2019-2020,M COMPAC 2A,2019-09-02,2020-09-30,REGION OCCITANIE PYRENEES MEDITERRANEE,34070,MONTPELLIER,ADMIN ETAT
2019-2020,M CPO 1A,2019-11-25,2021-09-30,AIRDIE,34000,MONTPELLIER,ASSOCIATION
2019-2020,M CPO 2A,2019-09-02,2020-08-31,SAFRAN ELECTRONICS & DEFENSE,75015,PARIS 15,SA CA
2019-2020,M CPO 2A,2019-09-01,2020-08-31,ONISEP DELEGATION LR,34064,MONTPELLIER CEDEX 2,EPA
2019-2020,M CPO 2A,2019-08-01,2020-08-31,CAPTURS,31670,LABEGE,SAS
2019-2020,M GIMD 1A,2019-10-14,2021-09-30,INSTITUT NATIONAL DE L'AUDIOVISUEL,94360,BRY SUR MARNE,EPIC
2019-2020,M GIMD 1A,2019-10-03,2021-09-30,EDF CNPE DE DAMPIERRE,45570,OUZOUER SUR LOIRE,SA
2019-2020,M GIMD 2A,2019-09-01,2020-09-30,ENSAM,34070,MONTPELLIER,Etablissement public
2019-2020,M GRH SOI 2A,2019-10-14,2020-09-30,ADECCO TRAINING,34470,PEROLS,
2019-2020,M HUMANUM 2A,2019-10-03,2020-09-29,INALCO,75013,PARIS,
2019-2020,M HUMANUM 2A,2019-09-25,2020-09-29,SEC GENERAL DES MINISTÈRES SOCIAUX,75007,PARIS,
2019-2020,M IDS ESSAP 2A,2018-09-01,2020-08-30,ASS RESEAU EN SCENE,34070,MONTPELLIER,ASSOCIATION
2019-2020,M IDS ESSAP 2A,2019-10-01,2020-09-30,CONSEIL DEPARTEMENTAL DE L'HERAULT,34070,MONTPELLIER,Collectivité Territoriale
2019-2020,M IDS ESSAP 2A,2019-10-07,2020-09-30,ASSOCIATION CONVERGENCES 34,34070,MONTPELLIER,ASSOCIATION
2019-2020,M IDS ESSAP 2A,2019-09-30,2020-09-30,CRIJ OCCITANIE,34000,MONTPELLIER,ASSOCIATION
2019-2020,M IDS PIDT 1A,2019-10-01,2021-09-30,BOUILLON CUBE,34380,CAUSSE DE LA SELLE,ASSOCIATION
2019-2020,M IDS PIDT 1A,2019-10-07,2021-09-30,ASSOCIATION DEFI,34070,MONTPELLIER,ASSOCIATION
2019-2020,M IDS PIDT 2A,2019-11-01,2020-10-31,DRDJSCS PACA,13006,MARSEILLE 06,
2019-2020,M IDS PIDT 2A,2018-08-20,2020-09-25,DÉPARTEMENT DE LOIRE-ATLANTIQUE,44041,NANTES,ADMIN ETAT
2019-2020,M IDS PIDT 2A,2019-10-01,2020-09-30,DISP TOULOUSE SUD,31015,TOULOUSE CEDEX 6,ADMIN ETAT
2019-2020,M IDS PIDT 2A,2019-10-01,2020-09-30,CONSEIL DEPARTEMENTAL DE L'HERAULT,34070,MONTPELLIER,Collectivité Territoriale
2019-2020,M IDS PIDT 2A,2018-09-17,2020-09-30,CONSEIL DEPARTEMENTAL DE L'HERAULT,34070,MONTPELLIER,Collectivité Territoriale
2019-2020,M MAVINUM 2A,2019-09-25,2020-09-30,DEPARTEMENT DE LA VENDEE,85000,LA ROCHE SUR YON,FP TERRITORIALE
2019-2020,M MIASHS 1A,2018-10-01,2021-08-30,ESSILOR INTERNATIONAL,94000,CRETEIL,SAS
2019-2020,M MIASHS 1A,2020-09-01,2021-08-31,POLE EMPLOI-DIRECTION DES SYSTÈMES D',34170,CASTELNAU LE LEZ,EPA
2019-2020,M MIASHS 1A,2019-10-01,2021-08-28,BOUYGUES IMMOBILIER,13002,MARSEILLE 02,SAS
2019-2020,M MIASHS 1A,2019-11-04,2021-08-28,PRICEWATERHOUSECOOPERS ADVISORY,34000,MONTPELLIER,SAS
2019-2020,M MIASHS 1A,2019-11-04,2021-08-28,SANOFI CHIMIE,30390,ARAMON,SAS
2019-2020,M MIASHS 1A,2019-10-01,2021-08-31,CONSEIL DEPARTEMENTAL DE L'HERAULT,34070,MONTPELLIER,Collectivité Territoriale
2019-2020,M MIASHS 1A,2019-09-02,2021-08-31,COMWATT,34960,MONTPELLIER,SAS
2019-2020,M MIASHS 1A,2019-10-21,2021-08-28,SANOFI AVENTIS RECHERCHE DEVELOPPEMENT,34070,MONTPELLIER,SA
2019-2020,M MIASHS 1A,2020-08-31,2021-09-01,SANOFI AVENTIS RECHERCHE DEVELOPPEMENT,34070,MONTPELLIER,SA
2019-2020,M MIASHS 1A,2019-09-11,2021-08-31,MUTEX,92327,CHATILLON,SA
2019-2020,M MIASHS 1A,2019-09-09,2021-08-28,INETUM,93400,ST OUEN SUR SEINE,SA CA
2019-2020,M MIASHS 1A,2019-09-02,2021-08-31,PRIVATESPORTSHOP VENDARGUES,34740,VENDARGUES,SAS
2019-2020,M MIASHS 1A,2019-09-02,2021-09-24,CAISSE REGIONALE DU CREDIT AGRICOLE DU,34970,LATTES,Caisse de Crédit Agricole Mutuel
2019-2020,M MIASHS 1A,2019-10-01,2021-08-28,CREDIT AGRICOLE SA,92120,MONTROUGE,SA
2019-2020,M MIASHS 1A,2019-09-09,2021-08-31,SOGETREL,92130,ISSY LES MOULINEAUX,SAS
2019-2020,M MIASHS 1A,2019-09-02,2021-08-31,PICKEOS,30820,CAVEIRAC,SAS
2019-2020,M MIASHS 1A,2019-09-01,2021-08-31,RECTORAT DE MONTPELLIER,34000,MONTPELLIER,ADMIN ETAT
2019-2020,M MIASHS 1A,2019-10-01,2021-09-30,BNP PARIBAS PERSONAL FINANCE,92300,LEVALLOIS PERRET,SA CA
2019-2020,M MIASHS 1A,2019-09-02,2021-08-31,GROUPAMA SUPPORTS ET SERVICES,34170,CASTELNAU LE LEZ,GIE
2019-2020,M MIASHS 1A,2019-09-30,2021-08-31,AIRBUS OPERATIONS SAS TOULOUSE,31000,TOULOUSE,Sté actions simplifiée unipersonnelle
2019-2020,M MIASHS 2A,2018-09-10,2020-09-10,MILLIONROADS,84000,AVIGNON,SAS
2019-2020,M MIASHS 2A,2018-09-03,2020-08-30,INST NATIONAL RECHERCHE AGRONOMIQUE,34070,MONTPELLIER,EPST
2019-2020,M MIASHS 2A,2018-10-01,2020-08-31,BANQUE POPULAIRE DU SUD,66000,PERPIGNAN,
2019-2020,M MIASHS 2A,2019-09-30,2020-08-31,AIRBUS OPERATIONS SAS TOULOUSE,31000,TOULOUSE,Sté actions simplifiée unipersonnelle
2019-2020,M MIASHS 2A,2018-09-17,2020-08-31,OLYSTIC,75008,PARIS 8,SAS
2019-2020,M MIASHS 2A,2018-09-03,2020-09-02,GROUPAMA SUPPORTS ET SERVICES,34170,CASTELNAU LE LEZ,GIE
2019-2020,M MIASHS 2A,2018-09-03,2020-08-28,PRICEWATERHOUSECOOPERS ADVISORY,92200,NEUILLY SUR SEINE,SAS
2019-2020,M MIASHS 2A,2019-09-02,2020-09-25,SFR,,,
2019-2020,M MIASHS 2A,2019-09-02,2020-09-04,PRICEWATERHOUSECOOPERS ADVISORY,92200,NEUILLY SUR SEINE,SAS
2019-2020,M MIASHS 2A,2019-09-02,2020-08-31,ADDEO,33130,BEGLES,SAS
2019-2020,M MIASHS 2A,2018-10-01,2020-09-30,AXONAL-BIOSTATEM,92000,NANTERRE,SAS
2019-2020,M MIASHS 2A,2019-01-07,2020-08-28,ACELYS INFORMATIQUE,34000,MONTPELLIER,SAS
2019-2020,M MIASHS 2A,2019-09-02,2020-08-31,RUBIX DEVELOPPEMENT,69007,LYON 07,
2019-2020,M MIASHS 2A,2018-09-03,2020-08-31,ASSOCIATION DES MOYENS ASSURANCES,49906,ANGERS CEDEX 9,
2019-2020,M MIASHS 2A,2018-09-03,2020-08-28,REPORT ONE,81150,TERSSAC,SAS
2019-2020,M MIASHS 2A,2019-11-18,2020-08-28,SANOFI PASTEUR,69007,LYON 07,SA
2019-2020,M MIASHS 2A,2018-09-03,2020-08-28,EDF SA DIRECTION COMMERCE SUD OUEST,31100,TOULOUSE,SA
2019-2020,M MIASHS 2A,2018-10-01,2020-09-30,AIR FRANCE,93290,TREMBLAY EN FRANCE,SA CA
2019-2020,M MIASHS 2A,2019-10-01,2020-08-31,CONSEIL DEPARTEMENTAL DE L'HERAULT,34070,MONTPELLIER,Collectivité Territoriale
2019-2020,M MIASHS 2A,2018-09-03,2020-08-31,LISI AEROSPACE,75583,PARIS,
2019-2020,M MIASHS 2A,2018-09-03,2020-08-28,BALEA,34270,SAINT MATHIEU DE TREVIERS,SAS
2019-2020,M MIASHS 2A,2018-08-20,2020-08-20,GEOMATYS,34934,MONTPELLIER,SAS
2019-2020,M MISRH 1A,2019-09-01,2021-09-30,RM AUDIT & EXPERTISE,34070,MONTPELLIER,SARL
2019-2020,M MISRH 1A,2019-09-09,2021-10-01,EDF-CNPE CRUAS-MEYSSE,7350,CRUAS,SA
2019-2020,M MISRH 1A,2019-09-02,2021-10-01,EDF-CNPE CRUAS-MEYSSE,7350,CRUAS,SA
2019-2020,M MISRH 1A,2019-10-01,2021-09-30,O-I MANUFACTURING,34500,BEZIERS,SAS
2019-2020,M MISRH 1A,2019-09-02,2021-09-17,EXPERT HUIS PARIS MONTPELLIER,34080,MONTPELLIER,Sté civile de moyens
2019-2020,M MISRH 1A,2019-09-03,2021-09-17,UNIVERSITÉ DE MONTPELLIER,34070,MONTPELLIER,Etablissement public
2019-2020,M MISRH 1A,2019-09-01,2021-09-30,CONSEIL DEPARTEMENTAL DE L'HERAULT,34070,MONTPELLIER,Collectivité Territoriale
2019-2020,M MISRH 1A,2019-09-02,2021-09-17,EDF CNPE BUGEY,1150,LAGNIEU,SA
2019-2020,M MISRH 1A,2019-09-02,2021-09-30,ARCELORMITTAL MEDITERRANEE,13270,FOS SUR MER,SAS
2019-2020,M MISRH 1A,2019-10-01,2021-09-30,POLE EMPLOI-DIRECTION DES SYSTÈMES D',34170,CASTELNAU LE LEZ,EPA
2019-2020,M MISRH 1A,2020-07-01,2021-08-31,SAINT MAMET,30600,VAUVERT,SAS
2019-2020,M MISRH 1A,2019-08-01,2021-09-30,VERDIE AUTOCARS,12000,RODEZ,SAS
2019-2020,M MISRH 1A,2019-09-02,2021-10-01,EDF-CNPE CRUAS-MEYSSE,7350,CRUAS,SA
2019-2020,M MISRH 1A,2019-09-23,2021-09-24,DEPARTEMENT ISERE,38022,GRENOBLE,FP TERRITORIALE
2019-2020,M MISRH 2A,2018-09-03,2020-10-02,CLINIQUE SAINT JEAN,34093,MONTPELLIER CEDEX 05,SAS
2019-2020,M MISRH 2A,2019-10-01,2020-09-18,RENAULT,78280,GUYANCOURT,SAS
2019-2020,M MISRH 2A,2018-08-06,2020-10-02,LA POSTE,34391,MONTPELLIER CEDEX 5,SA CA
2019-2020,M MISRH 2A,2018-09-03,2020-10-02,MERLIN GERIN ALES (SHNEIDER),30319,ALES,SAS
2019-2020,M MISRH 2A,2019-09-02,2020-09-18,MANPOWER,30100,ALES,SAS
2019-2020,M MISRH 2A,2018-09-03,2020-10-02,GMCO,34970,LATTES,SAS
2019-2020,M MISRH 2A,2018-09-10,2020-08-31,CONSEIL DEPARTEMENTAL DE L'HERAULT,34070,MONTPELLIER,Collectivité Territoriale
2019-2020,M MISRH 2A,2019-09-02,2020-09-30,A PLUS ENERGIES,,,
2019-2020,M MISRH 2A,2019-08-27,2020-09-30,BPIFRANCE,94700,MAISONS ALFORT,SA
2019-2020,M MISRH 2A,2019-09-02,2020-09-30,CAMERON FRANCE,34500,BEZIERS,SAS
2019-2020,M MISRH 2A,2018-09-06,2020-10-02,EDF-CNPE CRUAS-MEYSSE,7350,CRUAS,SA
2019-2020,M MISRH 2A,2018-10-22,2020-09-30,DUC,30730,SAINT BAUZELY,SA
2019-2020,M MISRH 2A,2018-09-01,2020-08-31,VORTEX,34430,SAINT JEAN DE VEDAS,SAS
2019-2020,M MISRH 2A,2018-09-06,2020-10-02,EDF-CNPE CRUAS-MEYSSE,7350,CRUAS,SA
2019-2020,M MISRH 2A,2018-11-29,2020-10-02,AFPA ENTREPRISES,34000,MONTPELLIER,EPIC
2019-2020,M MISRH 2A,2018-09-01,2020-10-02,TELESPAZIO FRANCE,31023,TOULOUSE,SAS
2019-2020,M MISRH 2A,2018-09-03,2020-10-02,R2M EXPERTISE,34080,MONTPELLIER,Sté actions simplifiée unipersonnelle
2019-2020,M MISRH 2A,2019-09-19,2020-09-18,DDTM 34 HERAULT,34070,MONTPELLIER,ADMIN ETAT
2019-2020,M PTO 2A,2019-09-02,2020-09-30,EI GROUPE,34000,MONTPELLIER,SAS
2019-2020,M2 MAVINUM,2019-09-02,2020-09-25,EGIS RAIL,69006,LYON 6E,SA
2019-2020,M2 PTO,2019-09-23,2020-09-25,EDF - CNPE DE GOLFECH,82401,VALENCE D'AGEN CEDEX,SA
2020-2021,DUT SAP 1A,2020-10-01,2022-06-16,ADMR PAY HERAULTAIS,34080,MONTPELLIER,ASSOCIATION
2020-2021,DUT SAP 2A,2020-10-01,2021-06-16,RESIDENCE JULES SEGUELA,11110,SALLES D AUDE,
2020-2021,DUT SAP 2A,2020-09-18,2021-08-31,FEDERATION ADMR DE L'AUDE,11000,CARCASSONNE,ASSOCIATION
2020-2021,DUT SAP 2A,2019-09-01,2021-08-31,ADAPA,1000,BOURG EN BRESSE,
2020-2021,DUT SAP 2A,2018-09-03,2020-08-30,A2MICILE - AZAE NARBONNE,11200,LEZIGNAN CORBIERES,SARL
2020-2021,LG AES DS,2020-09-01,2021-08-31,LYCEE AGRICOLE VALLEE DE L'HERAULT,34150,GIGNAC,ASSOCIATION
2020-2021,LP Animation,2021-02-08,2021-09-30,PLATEFORME SOLIDARITE INTERNATIONALE,66000,PERPIGNAN,ASSOCIATION
2020-2021,LP Animation,2020-10-01,2021-08-31,CONSEIL DEPARTEMENTAL DE L'HERAULT,34070,MONTPELLIER,Collectivité Territoriale
2020-2021,LP Animation,2020-09-21,2021-09-30,ESSOR SAVOIRS ET PARTAGE,34080,MONTPELLIER,ASSOCIATION
2020-2021,LP Animation,2020-10-19,2021-07-31,ASSO AGATHOISE SAUVETAGE SECOURISME-NA,34300,AGDE,ASSOCIATION
2020-2021,LP Animation,2020-09-01,2021-09-30,PACAP,34190,GANGES,ASSOCIATION
2020-2021,LP Animation,2021-03-01,2021-08-31,STAND'ART,34430,ST JEAN DE VEDAS,ASSOCIATION
2020-2021,LP Animation,2020-10-14,2021-08-30,PEPS-PRATIQUE EDUC ET PLAISIR SPORTIFS,34000,MONTPELLIER,ASSOCIATION
2020-2021,LP Animation,2021-04-08,2021-10-07,,,,
2020-2021,LP IS APS,2021-01-04,2021-07-02,MAISON DE SANTÉ PROTESTANTE,30000,NIMES,ASSOCIATION
2020-2021,LP IS APS,2020-10-01,2021-08-31,AMARIC APEF,30200,BAGNOLS SUR CEZE,SARL
2020-2021,LP IS APS,2020-10-26,2021-08-31,DEPARTEMENT DE L'AUDE,11000,CARCASSONNE,Collectivité Territoriale
2020-2021,LP RDN,2020-09-01,2021-08-31,DGDDI - GARDE COTES DOUANE,76620,LE HAVRE,ADMIN ETAT
2020-2021,LP RDN,2021-02-01,2021-08-31,DGA ESSAIS EN VOL SITE D'ISTRES,13800,ISTRES,ADMIN ETAT
2020-2021,LP RDN,2020-09-01,2021-08-31,ECOUTER LE BRUIT,78300,POISSY,Entr. unipersonnelle à resp. limitée
2020-2021,LP RDN,2020-09-14,2021-08-31,MODELE DEPOSE,66100,PERPIGNAN,SARL
2020-2021,LP RDN,2020-08-31,2021-07-30,OCCITANIE LIVRE & LECTURE,31000,TOULOUSE,ASSOCIATION
2020-2021,LP RDN,2020-09-01,2021-08-31,ECOUTER LE BRUIT,78300,POISSY,Entr. unipersonnelle à resp. limitée
2020-2021,M CNO 1A,2020-11-16,2022-09-05,BITWIPCONSEIL,97300,CAYENNE,SAS
2020-2021,M CNO 1A,2020-09-07,2022-09-06,DEPARTEMENT DE L'AUDE,11000,CARCASSONNE,Collectivité Territoriale
2020-2021,M CNO 1A,2020-10-04,2022-10-03,L'ARTISAN CHOCOLATIER,81000,ALBI,SARL
2020-2021,M CNO 1A,2020-10-19,2022-09-05,MIDIMEDIA,34430,SAINT JEAN DE VEDAS,SNC
2020-2021,M CNO 1A,2020-11-02,2022-09-05,GIP CONNECT,34970,LATTES,SAS
2020-2021,M CNO 1A,2020-09-01,2022-08-31,PREFECTURE DE L'HERAULT,34070,MONTPELLIER,ADMIN ETAT
2020-2021,M CNO 1A,2021-02-01,2022-09-05,PAHASKA,34830,JACOU,ASSOCIATION
2020-2021,M CNO 1A,2020-10-01,2022-09-30,TECHNILUM,34500,BEZIERS,SAS
2020-2021,M CNO 1A,2020-11-02,2022-09-30,APELEM,,GAILLARGUES LE MONTUEUX,SAS
2020-2021,M CNO 1A,2020-09-01,2022-09-05,FONDATION VAN ALLEN,34090,MONTPELLIER,FONDATION
2020-2021,M CNO 1A,2021-02-01,2022-09-30,APSARA MEDIA,13300,SALON DE PROVENCE,Entr. unipersonnelle à resp. limitée
2020-2021,M CNO 2A,2020-09-01,2021-09-06,WAH,34400,LUNEL,SARL
2020-2021,M CNO 2A,2020-12-21,2021-09-26,CENTRE MEDICAL INFANTILE,63540,ROMAGNAT,ASSOCIATION
2020-2021,M CNO 2A,2021-02-15,2021-09-06,FESTIVAL RADIO FRANCE OCCITANIE MONTPE,34960,MONTPELLIER CEDEX 2,ASSOCIATION
2020-2021,M CNO 2A,2019-10-16,2021-09-06,PREFECTURE DES PYRENEES ORIENTALES,66100,PERPIGNAN,ADMIN ETAT
2020-2021,M CNO 2A,2021-01-05,2021-09-30,LES FEES SPECIALES,34070,MONTPELLIER,SARL
2020-2021,M CNO 2A,2020-12-28,2021-08-03,SPOTYRIDE,34000,MONTPELLIER,SAS
2020-2021,M CNO 2A,2020-10-19,2021-09-06,COMMUNE DE LE GRAU DU ROI,30240,LE GRAU DU ROI,ADMIN ETAT
2020-2021,M CNO 2A,2019-12-01,2021-11-30,AGENCE REGIONALE DE SANTE OCCITANIE,34070,MONTPELLIER,ADMIN ETAT
2020-2021,M COMPAC 1A,2020-12-07,2022-09-05,SCOPIE,34110,FRONTIGNAN,ASSOCIATION
2020-2021,M COMPAC 1A,2020-12-07,2022-09-05,ECO FARMS,75002,PARIS 02,Sté actions simplifiée unipersonnelle
2020-2021,M COMPAC 1A,2020-10-06,2022-10-05,MAIRIE BREC'H,56400,BRECH,Commune et Commune Nouvelle
2020-2021,M COMPAC 1A,2020-09-28,2022-09-05,MADAME SOPHIE GUIN,34170,CASTELNAU LE LEZ,Micro-entrepreneur
2020-2021,M COMPAC 1A,2020-09-28,2022-09-28,TROPISME,34070,MONTPELLIER,Sté coopérative d'intérêt collectif
2020-2021,M COMPAC 1A,2021-02-01,2022-09-05,BASSE COUR,30000,NIMES,ASSOCIATION
2020-2021,M COMPAC 2A,2020-09-01,2021-08-31,RADIO NARBONNE GRAND SUD FM,11100,NARBONNE,ASSOCIATION
2020-2021,M COMPAC 2A,2019-09-02,2021-09-06,MERCY SHIPS,1210,FERNEY VOLTAIRE,ASSOCIATION
2020-2021,M COMPAC 2A,2020-10-19,2021-10-18,CPIE BASSIN DE THAU,34110,FRONTIGNAN,ASSOCIATION
2020-2021,M COMPAC 2A,2019-09-02,2021-09-06,PREFECTURE DU GARD,30900,NIMES,ADMIN ETAT
2020-2021,M COMPAC 2A,2020-10-21,2021-07-31,MAIRIE DE MILLAU,12100,MILLAU,ADMIN ETAT
2020-2021,M COMPAC 2A,2019-09-02,2021-09-01,SGAMI SUD,13014,MARSEILLE,ADMIN ETAT
2020-2021,M COMPAC 2A,2020-01-01,2021-09-06,CHU ROYANS,17200,ROYAN CEDEX,ADMIN ETAT
2020-2021,M CPO 1A,2020-10-01,2022-09-05,GROUPE PRÉSIDENT ELECTRONICS,34543,BALARUC LES BAINS,SA
2020-2021,M CPO 1A,2020-12-03,2022-09-05,SCHNEIDER ELECTRIC INDUSTRIES,38100,GRENOBLE CEDEX 9,SAS
2020-2021,M CPO 1A,2020-09-14,2022-09-09,SNCF VOYAGEURS,34070,MONTPELLIER,SA
2020-2021,M CPO 1A,2021-02-03,2022-09-05,JOKAT PANDORA,34090,MONTPELLIER,SARL
2020-2021,M CPO 1A,2020-11-09,2022-11-09,CAMILLE BONNEVIAL PLUTON,38470,COGNIN LES GORGES,Entreprise individuelle
2020-2021,M CPO 1A,2020-09-07,2022-09-09,HORMANN FRANCE,89102,SENS,SAS
2020-2021,M CPO 2A,2020-11-16,2021-09-06,COURANT FORT,26000,VALENCE,ASSOCIATION
2020-2021,M CPO 2A,2020-11-12,2021-09-30,CONSEIL DEPARTEMENTAL DE L'HERAULT,34070,MONTPELLIER,Collectivité Territoriale
2020-2021,M CPO 2A,2020-11-16,2021-09-06,DATA TERRAE,34000,MONTPELLIER,SAS
2020-2021,M CPO 2A,2020-10-19,2021-10-18,KINEIS,31520,RAMONVILLE SAINT AGNE,SAS
2020-2021,M CPO 2A,2020-09-07,2021-09-06,DEPARTEMENT DE L'AUDE,11000,CARCASSONNE,Collectivité Territoriale
2020-2021,M CPO 2A,2019-11-25,2021-09-30,AIRDIE,34000,MONTPELLIER,ASSOCIATION
2020-2021,M CPO 2A,2020-12-03,2021-09-06,Mutualité Française Grand Sud,34000,MONTPELLIER,
2020-2021,M DDT 1A,2020-10-05,2022-09-08,DEPARTEMENT DU TARN,81013,ALBI CEDEX 9,FP TERRITORIALE
2020-2021,M ESEEC 1A,2020-09-01,2022-09-23,SECRÉTARIAT GÉNÉRAL COMMUN DE VAUCLUSE,84000,AVIGNON CEDEX 9,ADMIN ETAT
2020-2021,M GIMD 1A,2020-10-12,2022-09-09,HARMONY GROUP,30100,ALES,SARL
2020-2021,M GIMD 1A,2020-10-01,2022-07-31,ENSAM,34070,MONTPELLIER,Etablissement public
2020-2021,M GIMD 1A,2020-12-01,2022-11-30,UNIVERSITE PAUL VALERY MONTPELLIER 3,34199,MONTPELLIER CEDEX 5,ADMIN ETAT
2020-2021,M GIMD 1A,2020-10-14,2022-09-15,CEA DE MARCOULE,30200,BAGNOLS SUR CEZE,EPIC
2020-2021,M GIMD 1A,2021-01-11,2022-07-15,UNIVERSITE D EVRY VAL D ESSONNE,91000,EVRY,ADMIN ETAT
2020-2021,M GIMD 2A,2019-10-14,2021-09-30,INSTITUT NATIONAL DE L'AUDIOVISUEL,94360,BRY SUR MARNE,EPIC
2020-2021,M GIMD 2A,2020-10-01,2021-08-31,UNIVERSITE PAUL VALERY MONTPELLIER 3,34199,MONTPELLIER CEDEX 5,ADMIN ETAT
2020-2021,M GRH AS 1A,2020-09-04,2022-09-16,LES COURRIERS DU MIDI,34090,MONTPELLIER,SAS
2020-2021,M GRH AS 2A,2020-10-01,2021-09-30,OPEN TOURISME LAB-NÎMES METROPOLE,30900,NIMES,ASSOCIATION
2020-2021,M GRH AS 2A,2020-09-01,2021-09-30,GROUPE ID,34470,PEROLS,SARL
2020-2021,M GRH AS 2A,2020-09-07,2021-09-24,SANOFI AVENTIS RECHERCHE DEVELOPPEMENT,34070,MONTPELLIER,SA
2020-2021,M GRH SOI 2A,2019-09-02,2021-09-17,EXPERT HUIS PARIS MONTPELLIER,34080,MONTPELLIER,Sté civile de moyens
2020-2021,M GRH SOI 2A,2019-09-01,2021-09-30,CONSEIL DEPARTEMENTAL DE L'HERAULT,34070,MONTPELLIER,Collectivité Territoriale
2020-2021,M HUMANUM 1A,2020-10-05,2022-09-30,LA POSTE,75015,PARIS 15,SA
2020-2021,M HUMANUM 1A,2020-10-19,2022-09-30,EARLY MAKERS GROUP,75012,PARIS 12,SA
2020-2021,M HUMANUM 1A,2020-10-05,2022-09-30,FRANCE EDUCATION INTERNATIONAL,92310,SEVRES,ADMIN ETAT
2020-2021,M HUMANUM 1A,2020-10-05,2022-09-30,MEDICA FRANCE,75008,PARIS 08,SAS
2020-2021,M HUMANUM 2A,2020-09-01,2021-09-30,UNIVERSITE PAUL VALERY MONTPELLIER 3,34199,MONTPELLIER CEDEX 5,ADMIN ETAT
2020-2021,M HUMANUM 2A,2020-12-01,2021-11-30,FRANCE EDUCATION INTERNATIONAL,92310,SEVRES,ADMIN ETAT
2020-2021,M HUMANUM 2A,2020-10-16,2021-10-15,SERVICE & CO,69006,LYON 06,SAS
2020-2021,M HUMANUM 2A,2020-11-09,2021-09-30,AUNEGE,75008,PARIS 08,ASSOCIATION
2020-2021,M HUMANUM 2A,2020-10-19,2021-09-30,OUEST MEDIAS,44600,SAINT NAZAIRE,SAS
2020-2021,M IDS ESSAP 1A,2020-09-14,2022-09-24,UNAPEI 34,34090,MONTPELLIER,
2020-2021,M IDS ESSAP 1A,2020-09-23,2022-09-30,ESL,48000,MENDE,Entr. unipersonnelle à resp. limitée
2020-2021,M IDS ESSAP 1A,2020-09-14,2022-09-30,LIGUE DE L'ENSEIGNEMENT - F VAUCLUSE,84000,AVIGNON,ASSOCIATION
2020-2021,M IDS ESSAP 1A,2020-10-01,2022-09-30,CONSEIL DEPARTEMENTAL DE L'HERAULT,34070,MONTPELLIER,Collectivité Territoriale
2020-2021,M IDS ESSAP 1A,2020-10-01,2022-09-30,CONSEIL DEPARTEMENTAL DE L'HERAULT,34070,MONTPELLIER,Collectivité Territoriale
2020-2021,M IDS ESSAP 2A,2020-10-26,2021-09-30,MARCHE PAYSANS,34970,LATTES,ASSOCIATION
2020-2021,M IDS ESSAP 2A,2020-10-01,2021-09-30,INTERMEDIAIRE ADEQUATION,38500,VOIRON,ASSOCIATION
2020-2021,M IDS ESSAP 2A,2020-09-01,2021-09-24,1 CHEZ SOI D ABORD,34000,MONTPELLIER,ASSOCIATION
2020-2021,M IDS ESSAP 2A,2020-09-07,2021-09-24,CROUS DE MONTPELLIER,34070,MONTPELLIER,ADMIN ETAT
2020-2021,M IDS ESSAP 2A,2020-11-01,2021-10-31,CRESS OCCITANIE,31500,TOULOUSE,ASSOCIATION
2020-2021,M IDS ESSAP 2A,2020-09-28,2021-09-24,EDUCATIVE DU MAS CAVAILLAC,30120,MOLIERES CAVAILLAC,ASSOCIATION
2020-2021,M IDS PIDT 1A,2020-11-02,2022-11-01,SERVICE ACCUEIL MINEURS RAIMBAUD,42300,ROANNE,ASSOCIATION
2020-2021,M IDS PIDT 2A,2019-10-01,2021-09-30,BOUILLON CUBE,34380,CAUSSE DE LA SELLE,ASSOCIATION
2020-2021,M IDS PIDT 2A,2020-10-01,2021-09-30,CONSEIL DEPARTEMENTAL DE L'HERAULT,34070,MONTPELLIER,Collectivité Territoriale
2020-2021,M IDS PIDT 2A,2019-10-07,2021-09-30,ASSOCIATION DEFI,34070,MONTPELLIER,ASSOCIATION
2020-2021,M IDS PIDT 2A,2020-10-19,2021-10-19,PASSEURS-CULTURES/IMAGES PACIM,34080,MONTPELLIER,ASSOCIATION
2020-2021,M IDS PIDT 2A,2020-10-14,2021-09-24,GROUPE SOS SOLIDARITÉS,75011,PARIS,ASSOCIATION
2020-2021,M IDS PIDT 2A,2020-10-28,2021-10-26,LA MENUISERIE COLLABORATIVE,34070,MONTPELLIER,SARL
2020-2021,M IDS PIDT 2A,2020-11-02,2021-09-30,MISSION LOCALE JEUNE MONTPELLIER,34000,MONTPELLIER,ASSOCIATION
2020-2021,M IDS PIDT 2A,2020-10-01,2021-10-29,LIGUE DE L'ENSEIGNEMENT-FEDE YVELINES,,,ASSOCIATION
2020-2021,M MAVINUM 2A,2019-10-03,2021-09-30,EDF CNPE DE DAMPIERRE,45570,OUZOUER SUR LOIRE,SA
2020-2021,M MIASHS 1A,2020-10-19,2022-08-31,CONSEIL DEPARTEMENTAL DE L'HERAULT,34070,MONTPELLIER,Collectivité Territoriale
2020-2021,M MIASHS 1A,2020-08-31,2022-08-31,BALEA,34270,SAINT MATHIEU DE TREVIERS,SAS
2020-2021,M MIASHS 1A,2020-09-01,2022-08-31,SIM AND CURE,34090,MONTPELLIER,SA
2020-2021,M MIASHS 1A,2020-09-01,2022-08-31,AIRBUS HELICOPTERS MARIGNANE,13700,MARIGNANE,SAS
2020-2021,M MIASHS 1A,2020-09-07,2022-08-31,CDC HABITAT,34070,MONTPELLIER,Sté d'économie mixte
2020-2021,M MIASHS 1A,2020-09-07,2022-08-31,8.2 FRANCE,34000,MONTPELLIER,SAS
2020-2021,M MIASHS 1A,2020-09-07,2022-09-30,NETIWAN,34500,BEZIERS,SAS
2020-2021,M MIASHS 1A,2020-09-01,2022-08-31,OPENFIELD MALAKOFF,92240,MALAKOFF,SAS
2020-2021,M MIASHS 1A,2020-09-07,2022-09-09,SOGETREL,92130,ISSY LES MOULINEAUX,SAS
2020-2021,M MIASHS 1A,2020-10-26,2022-08-31,CDC HABITAT,34070,MONTPELLIER,Sté d'économie mixte
2020-2021,M MIASHS 1A,2020-08-31,2022-09-01,TOPNIR SYSTEMS,13857,AIX EN PROVENCE CEDEX 3,SAS
2020-2021,M MIASHS 1A,2020-09-25,2022-09-02,LYTN,34060,MONTPELLIER,SAS
2020-2021,M MIASHS 1A,2020-08-31,2022-09-30,DAMMANN PRESTATIONS INFORMATIQUES,30310,VERGEZE,Sté actions simplifiée unipersonnelle
2020-2021,M MIASHS 1A,2021-07-01,2021-09-02,,,,
2020-2021,M MIASHS 1A,2021-01-04,2022-08-31,AIRBUS OPERATIONS SAS TOULOUSE,31000,TOULOUSE,Sté actions simplifiée unipersonnelle
2020-2021,M MIASHS 1A,2021-06-15,2021-08-31,,,,
2020-2021,M MIASHS 1A,2021-01-04,2022-09-30,CONSEIL DEPARTEMENTAL DE L'HERAULT,34070,MONTPELLIER,Collectivité Territoriale
2020-2021,M MIASHS 2A,2018-10-01,2021-08-30,ESSILOR INTERNATIONAL,94000,CRETEIL,SAS
2020-2021,M MIASHS 2A,2020-10-01,2021-09-30,AMADEUS,6410,BIOT,SAS
2020-2021,M MIASHS 2A,2018-10-01,2020-08-31,BANQUE POPULAIRE DU SUD,66000,PERPIGNAN,
2020-2021,M MIASHS 2A,2020-09-01,2021-08-31,POLE EMPLOI-DIRECTION DES SYSTÈMES D',34170,CASTELNAU LE LEZ,EPA
2020-2021,M MIASHS 2A,2020-10-01,2021-08-31,ONAOS,66330,CABESTANY,Sté actions simplifiée unipersonnelle
2020-2021,M MIASHS 2A,2019-11-04,2021-08-28,PRICEWATERHOUSECOOPERS ADVISORY,34000,MONTPELLIER,SAS
2020-2021,M MIASHS 2A,2019-11-04,2021-08-28,SANOFI CHIMIE,30390,ARAMON,SAS
2020-2021,M MIASHS 2A,2019-10-01,2021-08-31,CONSEIL DEPARTEMENTAL DE L'HERAULT,34070,MONTPELLIER,Collectivité Territoriale
2020-2021,M MIASHS 2A,2019-09-02,2021-08-31,COMWATT,34960,MONTPELLIER,SAS
2020-2021,M MIASHS 2A,2019-10-21,2021-08-28,SANOFI AVENTIS RECHERCHE DEVELOPPEMENT,34070,MONTPELLIER,SA
2020-2021,M MIASHS 2A,2020-11-30,2021-09-01,PSA AUTOMOBILES SA,78300,POISSY,SA
2020-2021,M MIASHS 2A,2020-08-31,2021-09-01,SANOFI AVENTIS RECHERCHE DEVELOPPEMENT,34070,MONTPELLIER,SA
2020-2021,M MIASHS 2A,2019-09-11,2021-08-31,MUTEX,92327,CHATILLON,SA
2020-2021,M MIASHS 2A,2019-09-09,2021-08-28,INETUM,93400,ST OUEN SUR SEINE,SA CA
2020-2021,M MIASHS 2A,2019-09-02,2021-08-31,PRIVATESPORTSHOP VENDARGUES,34740,VENDARGUES,SAS
2020-2021,M MIASHS 2A,2020-09-01,2021-09-01,AUDRNA,30023,Nîmes cedex 1,ASSOCIATION
2020-2021,M MIASHS 2A,2019-09-02,2021-09-24,CAISSE REGIONALE DU CREDIT AGRICOLE DU,34970,LATTES,Caisse de Crédit Agricole Mutuel
2020-2021,M MIASHS 2A,2019-10-01,2021-08-28,CREDIT AGRICOLE SA,92120,MONTROUGE,SA
2020-2021,M MIASHS 2A,2019-09-09,2021-08-31,SOGETREL,92130,ISSY LES MOULINEAUX,SAS
2020-2021,M MIASHS 2A,2019-09-02,2021-08-31,PICKEOS,30820,CAVEIRAC,SAS
2020-2021,M MIASHS 2A,2019-09-01,2021-08-31,RECTORAT DE MONTPELLIER,34000,MONTPELLIER,ADMIN ETAT
2020-2021,M MIASHS 2A,2019-10-01,2021-09-30,BNP PARIBAS PERSONAL FINANCE,92300,LEVALLOIS PERRET,SA CA
2020-2021,M MIASHS 2A,2019-09-02,2021-08-31,GROUPAMA SUPPORTS ET SERVICES,34170,CASTELNAU LE LEZ,GIE
2020-2021,M MIASHS 2A,2020-09-21,2021-08-31,AXENS,30340,SALINDRES,SA
2020-2021,M MISRH 1A,2020-09-01,2022-09-23,AUGEFI,34300,AGDE,SAS
2020-2021,M MISRH 1A,2020-09-01,2022-09-23,ORANO DS DO CEA,30200,BAGNOLS SUR CEZE,SA
2020-2021,M MISRH 1A,2020-09-14,2022-09-30,EDF-CNPE CRUAS-MEYSSE,7350,CRUAS,SA
2020-2021,M MISRH 1A,2020-09-14,2022-09-30,UNAPEI 34,34090,MONTPELLIER,
2020-2021,M MISRH 1A,2020-09-14,2022-09-23,ORANO NC TRICASTIN,26701,PIERRELATTE,SA
2020-2021,M MISRH 1A,2020-10-05,2022-09-24,PAY JOB,75008,PARIS,SARL
2020-2021,M MISRH 1A,2020-09-01,2022-09-30,SUD SERVICE,34171,CASTELNAU LE LEZ CEDEX,SAS
2020-2021,M MISRH 1A,2020-11-12,2022-09-30,SAUR,30900,NIMES,
2020-2021,M MISRH 1A,2020-09-01,2022-09-23,LA COMPAGNIE DES DESSERTS,11200,LEZIGNAN CORBIERES,SAS
2020-2021,M MISRH 1A,2020-09-01,2022-09-17,PAY JOB,75008,PARIS,SARL
2020-2021,M MISRH 1A,2020-09-14,2022-09-23,AUGEFI BASSIN DE THAU FRONTIGNAN,34110,FRONTIGNAN,SAS
2020-2021,M MISRH 1A,2020-09-01,2022-09-23,GRID SOLUTIONS,34070,MONTPELLIER,SAS
2020-2021,M MISRH 1A,2020-09-01,2022-09-30,RM AUDIT & EXPERTISE,34070,MONTPELLIER,SARL
2020-2021,M MISRH 2A,2019-09-01,2021-09-30,RM AUDIT & EXPERTISE,34070,MONTPELLIER,SARL
2020-2021,M MISRH 2A,2021-03-29,2021-09-30,PEARLS MELIS,94400,VITRY SUR SEINE,Sté actions simplifiée unipersonnelle
2020-2021,M MISRH 2A,2020-09-03,2021-09-24,TAM,34075,MONTPELLIER,SOCIETE ANONYME d'ECONOMIE MIXTE
2020-2021,M MISRH 2A,2020-12-14,2021-09-30,SOFILEC,34070,MONTPELLIER,SAS
2020-2021,M MISRH 2A,2019-09-09,2021-10-01,EDF-CNPE CRUAS-MEYSSE,7350,CRUAS,SA
2020-2021,M MISRH 2A,2020-09-28,2021-09-26,LEROY MERLIN FORBACH,57600,MORSBACH,SA
2020-2021,M MISRH 2A,2020-09-14,2021-09-24,SERPE,,,
2020-2021,M MISRH 2A,2019-09-02,2021-10-01,EDF-CNPE CRUAS-MEYSSE,7350,CRUAS,SA
2020-2021,M MISRH 2A,2019-10-01,2021-09-30,O-I MANUFACTURING,34500,BEZIERS,SAS
2020-2021,M MISRH 2A,2021-01-04,2021-09-30,L ATELIER DE LA CASQUETTE,30900,NIMES,
2020-2021,M MISRH 2A,2019-09-03,2021-09-17,UNIVERSITÉ DE MONTPELLIER,34070,MONTPELLIER,Etablissement public
2020-2021,M MISRH 2A,2020-11-16,2021-09-30,VECTALIA FRANCE,66100,PERPIGNAN,SAS
2020-2021,M MISRH 2A,2020-10-05,2021-04-04,,,,
2020-2021,M MISRH 2A,2019-09-02,2021-09-17,EDF CNPE BUGEY,1150,LAGNIEU,SA
2020-2021,M MISRH 2A,2019-09-02,2021-09-30,ARCELORMITTAL MEDITERRANEE,13270,FOS SUR MER,SAS
2020-2021,M MISRH 2A,2019-10-01,2021-09-30,POLE EMPLOI-DIRECTION DES SYSTÈMES D',34170,CASTELNAU LE LEZ,EPA
2020-2021,M MISRH 2A,2020-09-14,2021-09-30,EGIS,78280,GUYANCOURT,SA
2020-2021,M MISRH 2A,2021-02-01,2021-09-30,SWORD,69370,SAINT DIDIER AU MONT D OR,SAS
2020-2021,M MISRH 2A,2020-07-01,2021-08-31,SAINT MAMET,30600,VAUVERT,SAS
2020-2021,M MISRH 2A,2019-08-01,2021-09-30,VERDIE AUTOCARS,12000,RODEZ,SAS
2020-2021,M MISRH 2A,2020-09-01,2021-09-24,APEX ENERGIES,34070,MONTPELLIER,SAS
2020-2021,M MISRH 2A,2020-09-28,2021-09-30,MAIRIE DE MARVEJOLS,48100,MARVEJOLS,ADMIN ETAT
2020-2021,M MISRH 2A,2021-01-25,2021-09-30,FIDUCIAL SECURITE,92400,COURBEVOIE,
2020-2021,M MISRH 2A,2019-09-02,2021-10-01,EDF-CNPE CRUAS-MEYSSE,7350,CRUAS,SA
2020-2021,M MISRH 2A,2020-12-16,2021-09-24,ALAIN DUCASSE FORMATION,92360,MEUDON,SARL
2020-2021,M MISRH 2A,2020-10-19,2021-09-30,HINFACT,31400,TOULOUSE,SAS
2020-2021,M MISRH 2A,2020-09-28,2021-09-27,BUSINESS & DECISION INTERACTIVE EOLAS,38000,GRENOBLE,SARL
2020-2021,M MPCA 2A,2021-02-18,2021-08-31,LES FEES SPECIALES,34070,MONTPELLIER,SARL
2020-2021,M MPCA 2A,2020-09-01,2021-09-01,OOOLALA,26500,BOURG LES VALENCE,SARL
2020-2021,M PTO 2A,2020-11-23,2021-09-30,LA POSTE CENTRE FINANCIER,34000,MONTPELLIER,SA CA
2020-2021,M PTO 2A,2020-09-01,2021-09-30,CEA CADARACHE,13115,ST PAUL LES DURANCE,EPIC
2020-2021,M PTO 2A,2020-08-17,2021-09-30,EURHEKA,34500,BEZIERS,SARL