Annee,FORMATION,DATE_DEB_CONTRAT,DATE_FIN_CONTRAT,NOM_ENTREPRISE,CP_ENTREPRISE,VILLE_ENTREPRISE,FORME_JURIDIQUE_ENTREPRISE,Lat,Long
2016-2017,LP RDN (métiers de l'info),01/09/2016,29/09/2017,IFME,30000,NIMES,,"43,84493839","4,34806797"
2017-2017,LP RDN (métiers de l'info),31/08/2017,31/08/2017,CNRS MOY1100 ALPES,38042,GRENOBLE, ,"45,39351941","5,392599171"
2016-2017,LP RDN (métiers de l'info),29/08/2016,31/07/2017,LANGUEDOC ROUSSILLON LIVRE ET LECTURE,34090,MONTPELLIER,ASSOCIATION,"43,61344091","3,868516579"
2016-2017,LP RDN (métiers de l'info),01/10/2016,31/08/2017,MIND AND GO,66000,PERPIGNAN,,"42,69659541","2,89936954"
2016-2018,M IDS ESSAP 1A,22/09/2016,30/08/2018,ADREA MUTUELLE,30018,NIMES,,"43,80676553","4,038673691"
2016-2017,M IDS ESSAP 2A,03/10/2016,31/08/2017,SAS VOY'AGIR,34000,MONTPELLIER,SAS,"43,61344091","3,868516579"
2016-2017,M IDS ESSAP 2A,03/10/2016,30/09/2017,ASSOCIATION DES PARALYSES DE FRANCE,30000,NIMES,ASSOCIATION,"43,84493839","4,34806797"
2015-2017,M IDS ESSAP 2A,01/10/2015,30/09/2017,IMEIF,34080,MONTPELLIER,,"43,61344091","3,868516579"
2015-2016,M IDS ESSAP 2A,01/12/2015,30/11/2016,CONSEIL DEPARTEMENTAL DE L'HERAULT,34070,MONTPELLIER,Collectivité Territoriale,"43,61344091","3,868516579"
2016-2017,M IDS ESSAP 2A,03/10/2016,30/06/2017,SPIP 31,31603,MURET CEDEX,,#N/A,#N/A
2016-2018,M IDS PIDT 1A,01/12/2016,30/09/2018,DISP TOULOUSE SUD,31015,TOULOUSE CEDEX 6,Administration d'Etat,"42,89243792","0,7155166244"
2015-2017,M IDS PIDT 2A,01/10/2015,30/09/2017,DISP TOULOUSE SUD,31015,TOULOUSE CEDEX 6,Administration d'Etat,"42,89243792","0,7155166244"
2015-2017,M IDS PIDT 2A,01/12/2015,30/09/2017,DISP TOULOUSE SUD,31015,TOULOUSE CEDEX 6,Administration d'Etat,"42,89243792","0,7155166244"
2016-2017,M IDS PIDT 2A,13/09/2016,31/08/2017,MAIRIE DE TOULOUSE,31000,TOULOUSE,Commune et Commune Nouvelle,"43,59638143","1,431672934"
2016-2017,M IDS PIDT 2A,03/10/2016,30/09/2017,DDT 84 VAUCLUSE,84000,AVIGNON,Administration d'Etat,"43,93524483","4,840715725"
2016-2018,M MISRH 1A,26/09/2016,05/10/2018,SAS URBANIS,30900,NIMES,SAS,"43,84493839","4,34806797"
2016-2018,M MISRH 1A,29/08/2016,05/10/2018,EDF CNPE TRICASTIN,26130,ST PAUL TROIS CHATEAUX,SA,"44,37762309","4,806249456"
2016-2018,M MISRH 1A,01/09/2016,05/10/2018,COMMUNE DE LE GRAU DU ROI,30240,LE GRAU DU ROI,Administration d'Etat,"43,50728109","4,166229487"
2016-2018,M MISRH 1A,01/07/2016,05/10/2018,TML EXPERTS CONSEILS,30900,NIMES,SARL,"43,84493839","4,34806797"
2016-2018,M MISRH 1A,12/09/2016,05/10/2018,EDF-CNPE CRUAS-MEYSSE,7350,CRUAS,SA,"44,65664209","4,756588244"
2016-2018,M MISRH 1A,12/09/2016,05/10/2018,EDF-CNPE CRUAS-MEYSSE,7350,CRUAS,SA,"44,65664209","4,756588244"
2016-2018,M MISRH 1A,01/09/2016,05/10/2018,COLAS MM,34430,SAINT JEAN DE VEDAS,,"43,57162823","3,83221848"
2015-2017,M MISRH 2A,28/09/2015,30/09/2017,LA POSTE,78180,MONTIGNY LE BRETONNEUX,,"48,77965878","2,029521945"
2015-2017,M MISRH 2A,14/09/2015,30/09/2017,TAM,34075,MONTPELLIER,SOCIETE ANONYME d'ECONOMIE MIXTE,"43,33115899","2,70406695"
2015-2017,M MISRH 2A,01/09/2015,30/09/2017,BANQUE POPULAIRE DU SUD,66000,PERPIGNAN,,"42,69659541","2,89936954"
2015-2017,M MISRH 2A,01/09/2015,30/09/2017,SNCF RESEAU,34070,MONTPELLIER,SA,"43,61344091","3,868516579"
2016-2017,M MISRH 2A,15/10/2016,29/09/2017,RENAULT SAS,94600,CHOISY LE ROI,SAS,"48,76431512","2,417425182"
2015-2017,M MISRH 2A,26/10/2015,30/09/2017,NESTLE WATERS SUPPLY SUD,30310,VERGEZE,SAS,"43,73753604","4,233609905"
2015-2017,M MISRH 2A,14/09/2015,30/09/2017,EDF - CNPE DE GOLFECH,82401,VALENCE D'AGEN CEDEX,SA,#N/A,#N/A
2016-2017,M MISRH 2A,01/09/2016,30/09/2017,EDF-CNPE CRUAS-MEYSSE,7350,CRUAS,SA,"44,65664209","4,756588244"
2016-2017,M MISRH 2A,19/09/2016,29/09/2017,POINT P MBM,,,SAS,#N/A,#N/A
2016-2017,M MISRH 2A,22/08/2016,29/09/2017,LA POSTE DSI BSCC,34070,MONTPELLIER,SA CA,"43,61344091","3,868516579"
2015-2017,M MISRH 2A,02/11/2015,30/09/2017,SHERPAS,13013,MARSEILLE,,"43,349278","5,433722387"
2016-2017,M2 CNO,01/09/2016,30/09/2017,CC LA DOMITIENNE,34370,MAUREILHAN,Fonction publique territoriale,"43,39763101","3,099684083"
2016-2017,M2 CNO,01/09/2016,29/09/2017,ENEDIS,34070,MONTPELLIER,Entreprise à responsabilité limitée,"43,61344091","3,868516579"
2016-2017,M2 CNO,01/09/2016,29/09/2017,RECTORAT DE MONTPELLIER,34000,MONTPELLIER,Administration d'Etat,"43,61344091","3,868516579"
2016-2017,M2 CNO,11/07/2016,29/09/2017,VALÉRO FRANCE,34501,Béziers cedex,,#N/A,#N/A
2016-2017,M2 CNO,01/08/2016,30/09/2017,CREDIT AGRICOLE SUD MEDITERRANEE,66100,PERPIGNAN,SA CA,"42,69659541","2,89936954"
2016-2017,M2 CNO,01/09/2016,30/09/2017,AIRBUS CORPORATE JET CENTRE,31060,TOULOUSE,,"43,43958446","1,831645561"
2016-2017,M2 CNO,19/09/2016,30/09/2017,ECOLE DES MINES D'ALES,30100,ALES,,"44,12500991","4,088285013"
2016-2017,M2 COMPAC,01/10/2016,30/09/2017,PREFECTURE DES PYRENEES ORIENTALES,66100,PERPIGNAN,Administration d'Etat,"42,69659541","2,89936954"
2016-2017,M2 COMPAC,17/10/2016,16/10/2017,UNIVERSITE PAUL VALERY MONTPELLIER 3,34199,MONTPELLIER CEDEX 5,Administration d'Etat,"43,46299017","3,416516521"
2016-2017,M2 COMPAC,15/09/2016,29/09/2017,ORANGE,34000,MONTPELLIER,SA,"43,61344091","3,868516579"
2016-2017,M2 COMPAC,01/09/2016,29/09/2017,PREFECTURE DE L'HERAULT,34070,MONTPELLIER,Administration d'Etat,"43,61344091","3,868516579"
2016-2017,M2 CPO,01/09/2016,29/09/2017,DOMES PHARMA,63430,PONT DU CHATEAU,,"45,82982751","3,260552812"
2016-2017,M2 PTO,25/07/2016,25/11/2017,LA POSTE CENTRE FINANCIER,34000,MONTPELLIER,SA CA,"43,61344091","3,868516579"
2016-2017,M2 PTO,10/10/2016,09/10/2017,IVECO FRANCE,7104,ANNONAY CEDEX,,"44,78831372","4,455705992"
2016-2017,M2 PTO,24/10/2016,23/10/2017,SAS LE PETITES CANAILLES,92200,NEUILLY SUR SEINE,SAS,"48,88537197","2,266425847"
2016-2017,M2 PTO,05/12/2016,30/09/2017,CENTRE HOSPITALIER DE MENDE,48000,MENDE,Administration d'Etat,"44,53990342","3,554042836"
2016-2017,M2 PTO,23/12/2016,22/12/2017,CDG 34,34184,MONTPELLIER,Administration d'Etat,"43,51371421","3,419564254"
2016-2017,M2 PTO,14/09/2016,30/09/2017,EI GROUPE,34000,MONTPELLIER,SAS,"43,61344091","3,868516579"
2016-2017,M2 PTO,05/09/2016,24/11/2017,LA POSTE CENTRE FINANCIER,34000,MONTPELLIER,SA CA,"43,61344091","3,868516579"
2017-2018,LP RDN,28/08/2017,31/07/2018,LANGUEDOC ROUSSILLON LIVRE ET LECTURE,34090,MONTPELLIER,ASSOCIATION,"43,61344091","3,868516579"
2017-2019,M IDS ESSAP 1A,02/10/2017,30/09/2019,CENTRE SOCIAL SOLEIL SAINT BLAISE,75020,PARIS 20E,ASSOCIATION,"48,86318678","2,400819827"
2017-2019,M IDS ESSAP 1A,01/12/2017,30/09/2019,DISP TOULOUSE SUD,31015,TOULOUSE CEDEX 6,Administration d'Etat,"42,89243792","0,7155166244"
2017-2019,M IDS ESSAP 1A,01/12/2017,30/09/2019,DISP TOULOUSE SUD,31015,TOULOUSE CEDEX 6,Administration d'Etat,"42,89243792","0,7155166244"
2017-2018,M IDS ESSAP 2A,01/11/2017,30/09/2018,DEPARTEMENT DU GARD,30900,NIMES,Administration Publique Générale,"43,84493839","4,34806797"
2017-2019,M IDS PIDT 1A,28/08/2017,31/08/2019,RESEDA,30100,ALES,ASSOCIATION,"44,12500991","4,088285013"
2017-2019,M IDS PIDT 1A,04/09/2017,27/09/2019,CENTRE SOCIAL ET CULTUREL DANUBE,75019,PARIS 19E,SARL,"48,88686862","2,384694328"
2017-2019,M IDS PIDT 1A,01/10/2017,30/09/2019,CONSEIL DEPARTEMENTAL DE L'HERAULT,34070,MONTPELLIER,Collectivité Territoriale,"43,61344091","3,868516579"
2017-2018,M IDS PIDT 2A,16/10/2017,15/10/2018,COMMUNAUTE D'AGGLO ALBIGEOIS,81160,SAINT JUERY,Fonction publique territoriale,"43,96388155","2,225870136"
2016-2018,M IDS PIDT 2A,01/12/2016,30/09/2018,DISP TOULOUSE SUD,31015,TOULOUSE CEDEX 6,Administration d'Etat,"42,89243792","0,7155166244"
2017-2019,M MIASHS 1A,01/10/2017,30/09/2019,CONSEIL DEPARTEMENTAL DE L'HERAULT,34070,MONTPELLIER,Collectivité Territoriale,"43,61344091","3,868516579"
2017-2019,M MIASHS 1A,04/09/2017,30/08/2019,SNCF MOBILITES,92000,NANTERRE, ,"48,89607013","2,206713464"
2017-2019,M MIASHS 1A,09/10/2017,31/08/2019,LABORATOIRE CHAUVIN,34070,MONTPELLIER,SAS,"43,61344091","3,868516579"
2018-2019,M MIASHS 1A,02/01/2018,31/08/2019,POLE EMPLOI-DIRECTION DES SYSTÈMES D',34170,CASTELNAU LE LEZ,EPA,"43,63802188","3,91265416"
2017-2019,M MIASHS 1A,06/09/2017,30/08/2019,ORANGE,34070,MONTPELLIER,SA,"43,61344091","3,868516579"
2017-2019,M MIASHS 1A,04/09/2017,30/08/2019,SANOFI AVENTIS RECHERCHE DEVELOPPEMENT,34070,MONTPELLIER,SA,"43,61344091","3,868516579"
2017-2018,M MIASHS 2A,04/09/2017,31/08/2018,SEENOVATE,75017,PARIS 17E,SAS,"48,88733717","2,307485559"
2017-2018,M MIASHS 2A,25/09/2017,31/08/2018,SNCF,34000,MONTPELLIER, ,"43,61344091","3,868516579"
2017-2018,M MIASHS 2A,04/09/2017,31/08/2018,SEENOVATE,75017,PARIS 17E,SAS,"48,88733717","2,307485559"
2017-2018,M MIASHS 2A,01/09/2017,31/08/2018,AUDRNA,30023,Nîmes cedex 1,ASSOCIATION,"43,79143612","4,12868797"
2017-2019,M MISRH 1A,20/11/2017,19/11/2019,POLE EMPLOI-DIRECTION DES SYSTÈMES D',34170,CASTELNAU LE LEZ,EPA,"43,63802188","3,91265416"
2017-2018,M MISRH 1A,01/10/2017,30/09/2018,CONSEIL DEPARTEMENTAL DE L'HERAULT,34070,MONTPELLIER,Collectivité Territoriale,"43,61344091","3,868516579"
2017-2019,M MISRH 1A,04/09/2017,04/10/2019,ENEDIS,34070,MONTPELLIER,Entreprise à responsabilité limitée,"43,61344091","3,868516579"
2017-2019,M MISRH 1A,04/09/2017,30/09/2019,EDF CNPE DE CRUAS,7350,CRUAS,SA CA,"44,65664209","4,756588244"
2017-2019,M MISRH 1A,01/09/2017,30/09/2019,COMMUNAUTÉ D'AGGLOMÉRATION DE NÎMES,30900,NIMES,Administration d'Etat,"43,84493839","4,34806797"
2017-2019,M MISRH 1A,26/09/2017,30/09/2019,EDF CNPE DE CRUAS,7350,CRUAS,SA CA,"44,65664209","4,756588244"
2017-2019,M MISRH 1A,04/09/2017,30/09/2019,POINT P MBM,,,SAS,#N/A,#N/A
2017-2019,M MISRH 1A,01/10/2017,30/09/2019,CONSEIL DEPARTEMENTAL DE L'HERAULT,34070,MONTPELLIER,Collectivité Territoriale,"43,61344091","3,868516579"
2017-2019,M MISRH 1A,04/09/2017,30/09/2019,SNCF RESEAU,34070,MONTPELLIER,SA,"43,61344091","3,868516579"
2016-2018,M MISRH 2A,26/09/2016,05/10/2018,SAS URBANIS,30900,NIMES,SAS,"43,84493839","4,34806797"
2017-2018,M MISRH 2A,28/08/2017,27/09/2018,IPSIDE,31100,TOULOUSE,SAS,"43,59638143","1,431672934"
2017-2018,M MISRH 2A,23/09/2017,30/09/2018,ATOS MANAGEMENT FRANCE,95870,BEZONS,SAS,"48,92598101","2,211333878"
2016-2018,M MISRH 2A,01/07/2016,05/10/2018,TML EXPERTS CONSEILS,30900,NIMES,SARL,"43,84493839","4,34806797"
2016-2018,M MISRH 2A,12/09/2016,05/10/2018,EDF-CNPE CRUAS-MEYSSE,7350,CRUAS,SA,"44,65664209","4,756588244"
2016-2018,M MISRH 2A,12/09/2016,05/10/2018,EDF-CNPE CRUAS-MEYSSE,7350,CRUAS,SA,"44,65664209","4,756588244"
2017-2018,M MISRH 2A,01/08/2017,12/10/2018,TAM,34075,MONTPELLIER,SOCIETE ANONYME d'ECONOMIE MIXTE,"43,33115899","2,70406695"
2017-2018,M MISRH 2A,20/09/2017,28/09/2018,CMA CGM,13002,MARSEILLE 2E,,"43,31269642","5,363649833"
2016-2018,M MISRH 2A,01/09/2016,05/10/2018,COLAS MM,34430,SAINT JEAN DE VEDAS,,"43,57162823","3,83221848"
2017-2018,M2 CNO,16/10/2017,28/09/2018,ONISEP DELEGATION LR,34064,MONTPELLIER CEDEX 2,EPA,"43,87168909","3,31157474"
2017-2018,M2 CNO,21/08/2017,31/08/2018,CREAVEA,34740,VENDARGUES,SARL,"43,66104575","3,962830331"
2017-2018,M2 CNO,25/09/2017,28/09/2018,RECTORAT DE MONTPELLIER,34000,MONTPELLIER,Administration d'Etat,"43,61344091","3,868516579"
2017-2018,M2 CNO,02/10/2017,28/09/2018,PREFECTURE DU GARD,30900,NIMES,Administration d'Etat,"43,84493839","4,34806797"
2017-2018,M2 CNO,04/09/2017,28/09/2018,NETHEOS,34000,MONTPELLIER,SAS,"43,61344091","3,868516579"
2017-2018,M2 CNO,01/08/2017,28/09/2018,INNO'VO,34370,MAUREILHAN,SAS,"43,39763101","3,099684083"
2017-2018,M2 CNO,16/10/2017,28/09/2018,COMUE LR-UNIVIVERSITÉ,34197,MONTPELLIER CEDEX 85,"Etablissement Public National scientifique, culturel et professionnel","43,57492509","3,398317704"
2017-2018,M2 CNO,28/08/2017,28/09/2018,PREFECTURE DE L'HERAULT,34070,MONTPELLIER,Administration d'Etat,"43,61344091","3,868516579"
2017-2018,M2 COMPAC,02/10/2017,28/09/2018,PREFECTURE DES PYRENEES ORIENTALES,66100,PERPIGNAN,Administration d'Etat,"42,69659541","2,89936954"
2017-2018,M2 COMPAC,27/11/2017,28/09/2018,SSM RESTAURATION,66000,PERPIGNAN,SARL,"42,69659541","2,89936954"
2017-2018,M2 COMPAC,04/09/2017,28/09/2018,MAIRIE DE NARBONNE,11100,NARBONNE,Administration d'Etat,"43,11764167","2,97718129"
2017-2018,M2 COMPAC,01/09/2017,28/09/2018,SOURDOREILLE PRODUCTION,93400,SAINT OUEN,SARL,"48,90980658","2,332570422"
2017-2018,M2 COMPAC,04/09/2017,28/09/2018,BIOVIVA EDITIONS,34000,MONTPELLIER,SARL,"43,61344091","3,868516579"
2017-2018,M2 COMPAC,01/09/2017,31/08/2018,BORDEAUX METROPOLE,33000,BORDEAUX,Etablissement public,"44,85724454","-0,5736967812"
2017-2018,M2 COMPAC,04/09/2017,28/09/2018,CAPITOLE STUDIOS,84130,LE PONTET,SA,"43,96839035","4,865495908"
2017-2018,M2 COMPAC,02/10/2017,28/09/2018,DEPARTEMENT DE L'AUDE,11000,CARCASSONNE,Collectivité Territoriale,"43,21409862","2,407732717"
2017-2018,M2 COMPAC,04/09/2017,30/09/2018,MONTPELLIER DANSE,34960,MONTPELLIER,ASSOCIATION,#N/A,#N/A
2017-2018,M2 COMPAC,04/09/2017,12/10/2018,ENEDIS,34070,MONTPELLIER,Entreprise à responsabilité limitée,"43,61344091","3,868516579"
2017-2018,M2 COMPAC,04/09/2017,28/09/2018,PREFECTURE DE L'HERAULT,34070,MONTPELLIER,Administration d'Etat,"43,61344091","3,868516579"
2017-2018,M2 COMPAC,01/10/2017,30/09/2018,PAYS DE L'OR AGGLOMERATION,34130,MAUGUIO,Commune et Commune Nouvelle,"43,61843365","4,063979436"
2017-2018,M2 CPO,16/10/2017,31/10/2018,CAISSE DES DEPOTS ET CONSIGNATIONS,33059,BORDEAUX,Etablissement public,"44,77732526","-0,2549972619"
2017-2018,M2 CPO,04/09/2017,28/09/2018,GRID SOLUTIONS,34070,MONTPELLIER,SAS,"43,61344091","3,868516579"
2017-2018,M2 GIMD,11/09/2017,28/09/2018,ENSAM,34070,MONTPELLIER,Etablissement public,"43,61344091","3,868516579"
2017-2018,M2 GIMD,01/09/2017,30/09/2018,MINISTERE DE LA CULTURE,75033,PARIS CEDEX 01,Administration d'Etat,#N/A,#N/A
2017-2018,M2 GIMD,01/11/2017,28/09/2018,MONTPELLIER SUPAGRO,34000,MONTPELLIER,EPA,"43,61344091","3,868516579"
2017-2018,M2 GIMD,01/09/2017,28/09/2018,ADECCO,34430,SAINT JEAN DE VEDAS,SASU,"43,57162823","3,83221848"
2017-2018,M2 HUMANUM,01/12/2017,27/11/2018,AFPA ENTREPRISES,93100,MONTREUIL,EPIC,"48,86331751","2,448162119"
2017-2018,M2 HUMANUM,04/07/2017,31/10/2018,ETUDES ET CHANTIERS,35000,RENNES,ASSOCIATION,"48,11197912","-1,681864491"
2017-2018,M2 HUMANUM,01/09/2017,28/09/2018,TRALALERE,75003,PARIS 3E,SAS,"48,86305413","2,359361059"
2017-2018,M2 MAVINUM,21/09/2017,21/09/2018,PIERRE FABRE,81106,CASTRES CEDEX,SA,"43,849982","1,64948464"
2017-2018,M2 MAVINUM,01/10/2017,30/09/2018,CONSEIL DEPARTEMENTAL DE L'HERAULT,34070,MONTPELLIER,Collectivité Territoriale,"43,61344091","3,868516579"
2017-2018,M2 PTO,07/11/2017,06/11/2018,CENTRE HOSPITALIER DE MENDE,48000,MENDE,Administration d'Etat,"44,53990342","3,554042836"
2017-2018,M2 PTO,11/09/2017,07/09/2018,ECLIPSE ISTEC,34000,MONTPELLIER,SAS,"43,61344091","3,868516579"
2017-2018,M2 PTO,11/09/2017,10/09/2018,LA POSTE CENTRE FINANCIER,34000,MONTPELLIER,SA CA,"43,61344091","3,868516579"
2017-2018,M2 PTO,04/09/2017,31/08/2018,BNP PARIBAS SECURITIES SERVICES,93500,PANTIN,SCA,"48,89830939","2,408721475"
2017-2018,M2 PTO,11/12/2017,28/09/2018,M-PEARL,6600,ANTIBES,SASU,"43,58746515","7,106354183"
2018-2019,DUT SAP,03/09/2018,30/08/2020,A2MICILE - AZAE NARBONNE,11200,LEZIGNAN CORBIERES,SARL,"43,24583407","2,770623578"
2018-2019,LP RDN,03/09/2018,31/07/2019,OCCITANIE LIVRE & LECTURE,31000,TOULOUSE,ASSOCIATION,"43,59638143","1,431672934"
2018-2019,LP RDN,03/09/2018,30/08/2019,CNRS UMR5138 ARCHEOMETRIE ET ARCHEOLOG,69007,LYON 07, ,"45,73340984","4,837584957"
2018-2019,LP RDN,01/09/2018,31/08/2019,CNRS MOY1100 ALPES,38042,GRENOBLE, ,"45,39351941","5,392599171"
2018-2020,M IDS ESSAP 1A,06/11/2018,25/09/2020,PLATE FORME CREATION D'ACTIVITE DEP 34,34080,MONTPELLIER,ASSOCIATION,"43,61344091","3,868516579"
2018-2020,M IDS ESSAP 1A,17/09/2018,30/09/2020,CONSEIL DEPARTEMENTAL DE L'HERAULT,34070,MONTPELLIER,Collectivité Territoriale,"43,61344091","3,868516579"
2018-2019,M IDS ESSAP 2A,01/10/2018,27/09/2019,ADVAH,34080,MONTPELLIER,ASSOCIATION,"43,61344091","3,868516579"
2018-2020,M IDS PIDT 1A,17/09/2018,30/09/2020,APPRENTIS D'AUTEUIL - IMPACT JEUNES,75016,PARIS,FONDATION,"48,86039876","2,262099559"
2018-2020,M IDS PIDT 1A,20/08/2018,25/09/2020,DÉPARTEMENT DE LOIRE-ATLANTIQUE,44041,NANTES,Administration d'Etat,"47,08911048","-1,596195347"
2018-2020,M IDS PIDT 1A,01/09/2018,30/08/2020,ASS RESEAU EN SCENE,34070,MONTPELLIER,ASSOCIATION,"43,61344091","3,868516579"
2017-2019,M IDS PIDT 2A,02/10/2017,30/09/2019,CENTRE SOCIAL SOLEIL SAINT BLAISE,75020,PARIS 20E,ASSOCIATION,"48,86318678","2,400819827"
2017-2019,M IDS PIDT 2A,28/08/2017,31/08/2019,RESEDA,30100,ALES,ASSOCIATION,"44,12500991","4,088285013"
2017-2019,M IDS PIDT 2A,01/12/2017,30/09/2019,DISP TOULOUSE SUD,31015,TOULOUSE CEDEX 6,Administration d'Etat,"42,89243792","0,7155166244"
2017-2019,M IDS PIDT 2A,04/09/2017,27/09/2019,CENTRE SOCIAL ET CULTUREL DANUBE,75019,PARIS 19E,SARL,"48,88686862","2,384694328"
2017-2019,M IDS PIDT 2A,01/10/2017,30/09/2019,CONSEIL DEPARTEMENTAL DE L'HERAULT,34070,MONTPELLIER,Collectivité Territoriale,"43,61344091","3,868516579"
2017-2019,M IDS PIDT 2A,01/12/2017,30/09/2019,DISP TOULOUSE SUD,31015,TOULOUSE CEDEX 6,Administration d'Etat,"42,89243792","0,7155166244"
2018-2019,M IDS PIDT 2A,01/07/2018,30/09/2019,MISSION LOCALE JEUNE MONTPELLIER,34000,MONTPELLIER,ASSOCIATION,"43,61344091","3,868516579"
2018-2020,M MIASHS 1A,10/09/2018,10/09/2020,MILLIONROADS,84000,AVIGNON,SAS,"43,93524483","4,840715725"
2018-2020,M MIASHS 1A,03/09/2018,30/08/2020,INST NATIONAL RECHERCHE AGRONOMIQUE,34070,MONTPELLIER,EPST,"43,61344091","3,868516579"
2018-2020,M MIASHS 1A,01/10/2018,31/08/2020,BANQUE POPULAIRE DU SUD,66000,PERPIGNAN,,"42,69659541","2,89936954"
2019-2020,M MIASHS 1A,01/01/2019,31/08/2020,MAIRIE DE NANCY,54035,NANCY,Commune et Commune Nouvelle,"48,64258087","6,813211035"
2018-2020,M MIASHS 1A,03/09/2018,28/08/2020,FCS FORMATION,93100,MONTREUIL,Entreprise à responsabilité limitée,"48,86331751","2,448162119"
2018-2020,M MIASHS 1A,17/09/2018,31/08/2020,OLYSTIC,75008,PARIS 8,SAS,"48,87252727","2,31258256"
2018-2020,M MIASHS 1A,03/09/2018,02/09/2020,GROUPAMA SUPPORTS ET SERVICES,34170,CASTELNAU LE LEZ,Groupement d’intérêt économique,"43,63802188","3,91265416"
2018-2020,M MIASHS 1A,03/09/2018,28/08/2020,PRICEWATERHOUSECOOPERS ADVISORY,92200,NEUILLY SUR SEINE,SAS,"48,88537197","2,266425847"
2018-2020,M MIASHS 1A,03/09/2018,31/08/2020,MEDIAMETRIE,92300,LEVALLOIS PERRET,SA,"48,89507167","2,286882681"
2019-2020,M MIASHS 1A,02/09/2019,04/09/2020,PRICEWATERHOUSECOOPERS ADVISORY,92200,NEUILLY SUR SEINE,SAS,"48,88537197","2,266425847"
2018-2020,M MIASHS 1A,01/10/2018,30/09/2020,AXONAL-BIOSTATEM,92000,NANTERRE,SAS,"48,89607013","2,206713464"
2019-2020,M MIASHS 1A,07/01/2019,28/08/2020,ACELYS INFORMATIQUE,34000,MONTPELLIER,SAS,"43,61344091","3,868516579"
2018-2020,M MIASHS 1A,29/10/2018,31/08/2020,VESTAS FRANCE,34470,PEROLS,SAS,"43,56066427","3,951757085"
2018-2020,M MIASHS 1A,03/09/2018,31/08/2020,ASSOCIATION DES MOYENS ASSURANCES,49906,ANGERS CEDEX 9,ASSOCIATION,#N/A,#N/A
2018-2020,M MIASHS 1A,03/09/2018,28/08/2020,REPORT ONE,81150,TERSSAC,SAS,"43,95321508","2,029954569"
2018-2020,M MIASHS 1A,24/09/2018,31/08/2020,FAURECIA INTERIEUR INDUSTRIE,60114,MERU,SAS,"49,53419809","1,815311798"
2018-2020,M MIASHS 1A,03/09/2018,28/08/2020,EDF SA DIRECTION COMMERCE SUD OUEST,31100,TOULOUSE,SA,"43,59638143","1,431672934"
2018-2020,M MIASHS 1A,01/10/2018,30/09/2020,AIR FRANCE,93290,TREMBLAY EN FRANCE,SA CA,"48,97843041","2,554685015"
2018-2020,M MIASHS 1A,10/09/2018,11/09/2020,SNCF MOBILITES,93200,SAINT DENIS,SIEGE,"48,92956505","2,359242998"
2018-2020,M MIASHS 1A,03/09/2018,31/08/2020,LISI AEROSPACE,75583,PARIS,,#N/A,#N/A
2018-2020,M MIASHS 1A,03/09/2018,28/08/2020,BALEA,34270,SAINT MATHIEU DE TREVIERS,SAS,"43,76409293","3,79487939"
2018-2020,M MIASHS 1A,12/11/2018,28/08/2020,PRICEWATERHOUSECOOPERS ADVISORY,34000,MONTPELLIER,SAS,"43,61344091","3,868516579"
2018-2020,M MIASHS 1A,03/09/2018,28/08/2020,TELLMEPLUS,34980,ST CLEMENT DE RIVIERE,SA,"43,6724651","3,779494325"
2018-2020,M MIASHS 1A,20/08/2018,20/08/2020,GEOMATYS,34934,MONTPELLIER,SAS,#N/A,#N/A
2017-2019,M MIASHS 2A,01/10/2017,30/09/2019,CONSEIL DEPARTEMENTAL DE L'HERAULT,34070,MONTPELLIER,Collectivité Territoriale,"43,61344091","3,868516579"
2018-2019,M MIASHS 2A,01/09/2018,31/08/2019,AIRBUS OPERATIONS SAS TOULOUSE,31000,TOULOUSE,SASU,"43,59638143","1,431672934"
2017-2019,M MIASHS 2A,09/10/2017,31/08/2019,LABORATOIRE CHAUVIN,34070,MONTPELLIER,SAS,"43,61344091","3,868516579"
2018-2019,M MIASHS 2A,02/01/2018,31/08/2019,POLE EMPLOI-DIRECTION DES SYSTÈMES D',34170,CASTELNAU LE LEZ,EPA,"43,63802188","3,91265416"
2018-2019,M MIASHS 2A,25/10/2018,31/08/2019,CONSEIL DEPARTEMENTAL DE L'HERAULT,34070,MONTPELLIER,Collectivité Territoriale,"43,61344091","3,868516579"
2018-2019,M MIASHS 2A,01/09/2018,31/08/2019,AIRBUS OPERATIONS SAS TOULOUSE,31000,TOULOUSE,SASU,"43,59638143","1,431672934"
2018-2019,M MIASHS 2A,17/09/2018,31/08/2019,SEENOVATE,34000,MONTPELLIER,SAS,"43,61344091","3,868516579"
2017-2019,M MIASHS 2A,06/09/2017,30/08/2019,ORANGE,34070,MONTPELLIER,SA,"43,61344091","3,868516579"
2017-2019,M MIASHS 2A,04/09/2017,30/08/2019,SANOFI AVENTIS RECHERCHE DEVELOPPEMENT,34070,MONTPELLIER,SA,"43,61344091","3,868516579"
2018-2020,M MISRH 1A,03/09/2018,02/10/2020,CLINIQUE SAINT JEAN,34093,MONTPELLIER CEDEX 05,SAS,"43,6690497","3,221016971"
2018-2020,M MISRH 1A,06/08/2018,02/10/2020,LA POSTE,34391,MONTPELLIER CEDEX 5,SA CA,#N/A,#N/A
2018-2020,M MISRH 1A,03/09/2018,02/10/2020,MERLIN GERIN ALES (SHNEIDER),30319,ALES,SAS,"44,03818981","4,343372874"
2018-2020,M MISRH 1A,03/09/2018,02/10/2020,GMCO,34970,LATTES,SAS,"43,56385941","3,902262229"
2018-2020,M MISRH 1A,10/09/2018,31/08/2020,CONSEIL DEPARTEMENTAL DE L'HERAULT,34070,MONTPELLIER,Collectivité Territoriale,"43,61344091","3,868516579"
2018-2020,M MISRH 1A,06/09/2018,02/10/2020,EDF-CNPE CRUAS-MEYSSE,7350,CRUAS,SA,"44,65664209","4,756588244"
2018-2020,M MISRH 1A,22/10/2018,30/09/2020,DUC,30730,SAINT BAUZELY,SA,"43,90727446","4,180545205"
2018-2020,M MISRH 1A,01/09/2018,31/08/2020,VORTEX,34430,SAINT JEAN DE VEDAS,SAS,"43,57162823","3,83221848"
2018-2020,M MISRH 1A,06/09/2018,02/10/2020,EDF-CNPE CRUAS-MEYSSE,7350,CRUAS,SA,"44,65664209","4,756588244"
2018-2020,M MISRH 1A,29/11/2018,02/10/2020,AFPA ENTREPRISES,34000,MONTPELLIER,EPIC,"43,61344091","3,868516579"
2018-2020,M MISRH 1A,01/09/2018,02/10/2020,TELESPAZIO FRANCE,31023,TOULOUSE,SAS,"43,19003534","0,813417937"
2018-2020,M MISRH 1A,03/09/2018,02/10/2020,R2M EXPERTISE,34080,MONTPELLIER,SASU,"43,61344091","3,868516579"
2017-2019,M MISRH 2A,20/11/2017,19/11/2019,POLE EMPLOI-DIRECTION DES SYSTÈMES D',34170,CASTELNAU LE LEZ,EPA,"43,63802188","3,91265416"
2017-2019,M MISRH 2A,04/09/2017,04/10/2019,ENEDIS,34070,MONTPELLIER,Entreprise à responsabilité limitée,"43,61344091","3,868516579"
2017-2019,M MISRH 2A,04/09/2017,30/09/2019,EDF CNPE DE CRUAS,7350,CRUAS,SA CA,"44,65664209","4,756588244"
2018-2019,M MISRH 2A,03/09/2018,30/09/2019,SIRH CONSULTING,34920,LE CRES,SARL,"43,65409787","3,936088512"
2017-2019,M MISRH 2A,01/09/2017,30/09/2019,COMMUNAUTÉ D'AGGLOMÉRATION DE NÎMES,30900,NIMES,Administration d'Etat,"43,84493839","4,34806797"
2017-2019,M MISRH 2A,04/09/2017,30/09/2019,SNCF RESEAU,34070,MONTPELLIER,SA,"43,61344091","3,868516579"
2018-2019,M MISRH 2A,01/09/2018,28/09/2019,PSA AUTOMOBILES,25600,SOCHAUX,SA,"47,52767976","6,865155317"
2018-2019,M MISRH 2A,15/10/2018,27/09/2019,TAM,34075,MONTPELLIER,SOCIETE ANONYME d'ECONOMIE MIXTE,"43,33115899","2,70406695"
2018-2019,M MISRH 2A,01/10/2018,27/09/2019,MANPOWER,30100,ALES,SAS,"44,12500991","4,088285013"
2018-2019,M MISRH 2A,01/10/2018,30/09/2019,CARREFOUR HYPERMARCHES,34970,LATTES,SAS,"43,56385941","3,902262229"
2018-2019,M MISRH 2A,15/10/2018,27/09/2019,MAGASINS GALERIES LAFAYETTE,34960,MONTPELLIER,SAS,#N/A,#N/A
2018-2019,M2 CNO,03/09/2018,20/09/2019,SOC D' EXPLOITATION DE LA TOUR EIFFEL,75015,PARIS 15,Société Publique Local,"48,84015542","2,293559372"
2018-2019,M2 CNO,17/09/2018,06/09/2019,PREFECTURE DE L'HERAULT,34070,MONTPELLIER,Administration d'Etat,"43,61344091","3,868516579"
2018-2019,M2 CNO,10/09/2018,30/09/2019,MÉTROPOLE DE LYON,69003,LYON 03,Administration d'Etat,"45,75335525","4,86918522"
2018-2019,M2 CNO,15/10/2018,30/09/2019,THALES LAS FRANCE,78995,ELANCOURT CEDEX,SAS,#N/A,#N/A
2018-2019,M2 CNO,01/10/2018,30/09/2019,CREPS DE MONTPELLIER,34090,MONTPELLIER,Administration d'Etat,"43,61344091","3,868516579"
2018-2019,M2 CNO,03/09/2018,20/09/2019,OPERA ORCHESTRE NATIONAL MONTPELLIER,34967,MONTPELLIER,ASSOCIATION,#N/A,#N/A
2018-2019,M2 CNO,15/10/2018,11/10/2019,ONISEP DELEGATION LR,34064,MONTPELLIER CEDEX 2,EPA,"43,87168909","3,31157474"
2018-2019,M2 CNO,24/09/2018,20/09/2019,PREFECTURE DU GARD,30900,NIMES,Administration d'Etat,"43,84493839","4,34806797"
2018-2019,M2 CNO,24/09/2018,20/09/2019,CIE IBM FRANCE,34000,MONTPELLIER,SAS,"43,61344091","3,868516579"
2018-2019,M2 CNO,24/09/2018,23/09/2019,BORDEAUX METROPOLE,33000,BORDEAUX,Etablissement public,"44,85724454","-0,5736967812"
2018-2019,M2 COMPAC,01/10/2018,30/09/2019,COMUE LR-UNIVIVERSITÉ,34197,MONTPELLIER CEDEX 85,"Etablissement Public National scientifique, culturel et professionnel","43,57492509","3,398317704"
2018-2019,M2 COMPAC,17/09/2018,06/09/2019,PREFECTURE DE L'HERAULT,34070,MONTPELLIER,Administration d'Etat,"43,61344091","3,868516579"
2018-2019,M2 COMPAC,01/10/2018,30/09/2019,PREFECTURE DES PYRENEES ORIENTALES,66100,PERPIGNAN,Administration d'Etat,"42,69659541","2,89936954"
2018-2019,M2 COMPAC,03/09/2018,20/09/2019,CC LA DOMITIENNE,34370,MAUREILHAN,Fonction publique territoriale,"43,39763101","3,099684083"
2018-2019,M2 COMPAC,24/09/2018,30/09/2019,REGION OCCITANIE PYRENEES MEDITERRANEE,34070,MONTPELLIER,Administration d'Etat,"43,61344091","3,868516579"
2018-2019,M2 COMPAC,03/09/2018,20/09/2019,RECTORAT DE MONTPELLIER,34000,MONTPELLIER,Administration d'Etat,"43,61344091","3,868516579"
2018-2019,M2 CPO,01/09/2018,06/09/2019,REGION DE GENDARMERIE LANGUEDOC ROUSSI,34070,MONTPELLIER,Groupement d'intérêt économique,"43,61344091","3,868516579"
2018-2019,M2 CPO,03/09/2018,29/09/2019,SE IT FRANCE,38334,MONTBONNOT ST MARTIN,SAS,"45,16812066","5,909911498"
2018-2019,M2 CPO,10/10/2018,30/09/2019,CONSEIL DEPARTEMENTAL DE L'HERAULT,34070,MONTPELLIER,Collectivité Territoriale,"43,61344091","3,868516579"
2018-2019,M2 GIMD,17/10/2018,16/10/2019,ENSEA,95800,CERGY,EPA,"49,04011316","2,050821237"
2018-2019,M2 HUMANUM,24/09/2018,23/09/2019,EPLEFPA,30230,RODILHAN,Administration d'Etat,"43,80161846","4,434484254"
2018-2019,M2 HUMANUM,07/09/2018,30/09/2019,RECTORAT DE MONTPELLIER,34000,MONTPELLIER,Administration d'Etat,"43,61344091","3,868516579"
2018-2019,M2 HUMANUM,13/12/2018,12/12/2019,LA POSTE CENTRE DEV NUMERIQUE FORM,34090,MONTPELLIER,,"43,61344091","3,868516579"
2018-2019,M2 HUMANUM,01/10/2018,31/10/2019,MINISTERE DES ARMEES,37000,TOURS,,"47,39863823","0,6965263764"
2018-2019,M2 PTO,03/09/2018,27/09/2019,LA POSTE CENTRE FINANCIER,34000,MONTPELLIER,SA CA,"43,61344091","3,868516579"
2018-2019,M2 PTO,03/09/2018,30/09/2019,UNIVERSITE PAUL VALERY MONTPELLIER 3,34199,MONTPELLIER CEDEX 5,Administration d'Etat,"43,46299017","3,416516521"
2018-2019,M2 PTO,22/10/2018,27/09/2019,UBISOFT,34170,MONTPELLIER,SAS,"43,63802188","3,91265416"
2018-2019,M2 PTO,03/09/2018,30/09/2019,UNIVERSITE PAUL VALERY MONTPELLIER 3,34199,MONTPELLIER CEDEX 5,Administration d'Etat,"43,46299017","3,416516521"
2018-2019,M2 PTO,27/08/2018,23/08/2019,KTK FRANCE SEATS,42160,ANDREZIEUX BOUTHEON,SAS,"45,53499131","4,27650427"
2018-2019,M2 PTO,24/09/2018,30/09/2019,EI GROUPE,34000,MONTPELLIER,SAS,"43,61344091","3,868516579"
2018-2019,M2 PTO,29/10/2018,28/10/2019,BTP CFA LANGUEDOC ROUSSILLON,34070,MONTPELLIER,ASSOCIATION,"43,61344091","3,868516579"
2019-2020,DUT SAP 1A,01/09/2019,31/08/2021,ADAPA,1000,BOURG EN BRESSE,,"46,20515204","5,246021255"
2019-2020,DUT SAP 2A,03/09/2018,30/08/2020,A2MICILE - AZAE NARBONNE,11200,LEZIGNAN CORBIERES,SARL,"43,24583407","2,770623578"
2019-2020,LP IS APS,01/09/2019,31/08/2020,CCAS DE FRONTIGNAN,34110,FRONTIGNAN,,"43,44824589","3,749235224"
2019-2020,LP RDN,27/08/2019,31/07/2020,OCCITANIE LIVRE & LECTURE,31000,TOULOUSE,ASSOCIATION,"43,59638143","1,431672934"
2019-2020,M CNO 1A,16/10/2019,06/09/2021,PREFECTURE DES PYRENEES ORIENTALES,66100,PERPIGNAN,Administration d'Etat,"42,69659541","2,89936954"
2019-2020,M CNO 1A,01/12/2019,30/11/2021,AGENCE REGIONALE DE SANTE OCCITANIE,34070,MONTPELLIER,Administration d'Etat,"43,61344091","3,868516579"
2019-2020,M CNO 2A,09/09/2019,07/09/2020,ORANGE,6560,VALBONNE,SA,"43,62828833","7,029544767"
2019-2020,M CNO 2A,06/09/2019,17/09/2021,AQUA-VALLEY PÔLE EAU,34070,MONTPELLIER,ASSOCIATION,"43,61344091","3,868516579"
2019-2020,M CNO 2A,02/09/2019,07/09/2020,DEPARTEMENT DE L'AUDE,11000,CARCASSONNE,Collectivité Territoriale,"43,21409862","2,407732717"
2019-2020,M CNO 2A,16/09/2019,11/09/2020,J PIERRE LAVAILL CONSEILS,34300,AGDE,Entreprise à responsabilité limitée,"43,30912912","3,484479031"
2019-2020,M CNO 2A,01/09/2019,31/08/2020,SO COCOON,34970,LATTES,,"43,56385941","3,902262229"
2019-2020,M CNO 2A,28/10/2019,07/09/2020,EPCC MOCO,34000,MONTPELLIER,EPCC,"43,61344091","3,868516579"
2019-2020,M CNO 2A,02/09/2019,07/09/2020,MEDISUR,13590,MEYREUIL,SAS,"43,49105225","5,500628119"
2019-2020,M CNO 2A,09/09/2019,08/09/2020,MÉTROPOLE DE LYON,69003,LYON 03,Administration d'Etat,"45,75335525","4,86918522"
2019-2020,M COMPAC 1A,02/09/2019,06/09/2021,MERCY SHIPS,1210,FERNEY VOLTAIRE,ASSOCIATION,"46,25197892","6,108264038"
2019-2020,M COMPAC 1A,02/09/2019,06/09/2021,PREFECTURE DU GARD,30900,NIMES,Administration d'Etat,"43,84493839","4,34806797"
2019-2020,M COMPAC 1A,02/09/2019,01/09/2021,SGAMI SUD,13014,MARSEILLE,Administration d'Etat,"43,34550181","5,394089158"
2019-2020,M COMPAC 1A,01/01/2020,06/09/2021,CHU ROYANS,17200,ROYAN CEDEX,Administration d'Etat,"45,63465742","-1,017914034"
2019-2020,M COMPAC 2A,11/09/2019,11/09/2020,PROMETHEE PRODUCTIONS,75009,PARIS,SAS,"48,87689616","2,337460241"
2019-2020,M COMPAC 2A,02/09/2019,30/09/2020,REGION OCCITANIE PYRENEES MEDITERRANEE,34070,MONTPELLIER,Administration d'Etat,"43,61344091","3,868516579"
2019-2020,M CPO 1A,25/11/2019,30/09/2021,AIRDIE,34000,MONTPELLIER,ASSOCIATION,"43,61344091","3,868516579"
2019-2020,M CPO 2A,02/09/2019,31/08/2020,SAFRAN ELECTRONICS & DEFENSE,75015,PARIS 15,SA CA,"48,84015542","2,293559372"
2019-2020,M CPO 2A,01/09/2019,31/08/2020,ONISEP DELEGATION LR,34064,MONTPELLIER CEDEX 2,EPA,"43,87168909","3,31157474"
2019-2020,M CPO 2A,01/08/2019,31/08/2020,CAPTURS,31670,LABEGE,SAS,"43,53913772","1,520620711"
2019-2020,M GIMD 1A,14/10/2019,30/09/2021,INSTITUT NATIONAL DE L'AUDIOVISUEL,94360,BRY SUR MARNE,EPIC,"48,83840957","2,523196576"
2019-2020,M GIMD 1A,03/10/2019,30/09/2021,EDF CNPE DE DAMPIERRE,45570,OUZOUER SUR LOIRE,SA,"47,76127445","2,543038043"
2019-2020,M GIMD 2A,01/09/2019,30/09/2020,ENSAM,34070,MONTPELLIER,Etablissement public,"43,61344091","3,868516579"
2019-2020,M GRH SOI 2A,14/10/2019,30/09/2020,ADECCO TRAINING,34470,PEROLS,,"43,56066427","3,951757085"
2019-2020,M HUMANUM 2A,03/10/2019,29/09/2020,INALCO,75013,PARIS,,"48,82871768","2,362468229"
2019-2020,M HUMANUM 2A,25/09/2019,29/09/2020,SEC GENERAL DES MINISTÈRES SOCIAUX,75007,PARIS,,"48,8560826","2,312438688"
2019-2020,M IDS ESSAP 2A,01/09/2018,30/08/2020,ASS RESEAU EN SCENE,34070,MONTPELLIER,ASSOCIATION,"43,61344091","3,868516579"
2019-2020,M IDS ESSAP 2A,01/10/2019,30/09/2020,CONSEIL DEPARTEMENTAL DE L'HERAULT,34070,MONTPELLIER,Collectivité Territoriale,"43,61344091","3,868516579"
2019-2020,M IDS ESSAP 2A,07/10/2019,30/09/2020,ASSOCIATION CONVERGENCES 34,34070,MONTPELLIER,ASSOCIATION,"43,61344091","3,868516579"
2019-2020,M IDS ESSAP 2A,30/09/2019,30/09/2020,CRIJ OCCITANIE,34000,MONTPELLIER,ASSOCIATION,"43,61344091","3,868516579"
2019-2020,M IDS PIDT 1A,01/10/2019,30/09/2021,BOUILLON CUBE,34380,CAUSSE DE LA SELLE,ASSOCIATION,"43,72495231","3,674207203"
2019-2020,M IDS PIDT 1A,07/10/2019,30/09/2021,ASSOCIATION DEFI,34070,MONTPELLIER,ASSOCIATION,"43,61344091","3,868516579"
2019-2020,M IDS PIDT 2A,01/11/2019,31/10/2020,DRDJSCS PACA,13006,MARSEILLE 06,,"43,28709895","5,381047854"
2019-2020,M IDS PIDT 2A,20/08/2018,25/09/2020,DÉPARTEMENT DE LOIRE-ATLANTIQUE,44041,NANTES,Administration d'Etat,"47,08911048","-1,596195347"
2019-2020,M IDS PIDT 2A,01/10/2019,30/09/2020,DISP TOULOUSE SUD,31015,TOULOUSE CEDEX 6,Administration d'Etat,"42,89243792","0,7155166244"
2019-2020,M IDS PIDT 2A,01/10/2019,30/09/2020,CONSEIL DEPARTEMENTAL DE L'HERAULT,34070,MONTPELLIER,Collectivité Territoriale,"43,61344091","3,868516579"
2019-2020,M IDS PIDT 2A,17/09/2018,30/09/2020,CONSEIL DEPARTEMENTAL DE L'HERAULT,34070,MONTPELLIER,Collectivité Territoriale,"43,61344091","3,868516579"
2019-2020,M MAVINUM 2A,25/09/2019,30/09/2020,DEPARTEMENT DE LA VENDEE,85000,LA ROCHE SUR YON,Fonction publique territoriale,"46,7104765","-1,461296614"
2019-2020,M MIASHS 1A,01/10/2018,30/08/2021,ESSILOR INTERNATIONAL,94000,CRETEIL,SAS,"48,78374018","2,454635304"
2019-2020,M MIASHS 1A,01/09/2020,31/08/2021,POLE EMPLOI-DIRECTION DES SYSTÈMES D',34170,CASTELNAU LE LEZ,EPA,"43,63802188","3,91265416"
2019-2020,M MIASHS 1A,01/10/2019,28/08/2021,BOUYGUES IMMOBILIER,13002,MARSEILLE 02,SAS,"43,31269642","5,363649833"
2019-2020,M MIASHS 1A,04/11/2019,28/08/2021,PRICEWATERHOUSECOOPERS ADVISORY,34000,MONTPELLIER,SAS,"43,61344091","3,868516579"
2019-2020,M MIASHS 1A,04/11/2019,28/08/2021,SANOFI CHIMIE,30390,ARAMON,SAS,"43,90419902","4,683020019"
2019-2020,M MIASHS 1A,01/10/2019,31/08/2021,CONSEIL DEPARTEMENTAL DE L'HERAULT,34070,MONTPELLIER,Collectivité Territoriale,"43,61344091","3,868516579"
2019-2020,M MIASHS 1A,02/09/2019,31/08/2021,COMWATT,34960,MONTPELLIER,SAS,#N/A,#N/A
2019-2020,M MIASHS 1A,21/10/2019,28/08/2021,SANOFI AVENTIS RECHERCHE DEVELOPPEMENT,34070,MONTPELLIER,SA,"43,61344091","3,868516579"
2019-2020,M MIASHS 1A,31/08/2020,01/09/2021,SANOFI AVENTIS RECHERCHE DEVELOPPEMENT,34070,MONTPELLIER,SA,"43,61344091","3,868516579"
2019-2020,M MIASHS 1A,11/09/2019,31/08/2021,MUTEX,92327,CHATILLON,SA,#N/A,#N/A
2019-2020,M MIASHS 1A,09/09/2019,28/08/2021,INETUM,93400,ST OUEN SUR SEINE,SA CA,"48,90980658","2,332570422"
2019-2020,M MIASHS 1A,02/09/2019,31/08/2021,PRIVATESPORTSHOP VENDARGUES,34740,VENDARGUES,SAS,"43,66104575","3,962830331"
2019-2020,M MIASHS 1A,02/09/2019,24/09/2021,CAISSE REGIONALE DU CREDIT AGRICOLE DU,34970,LATTES,SA,"43,56385941","3,902262229"
2019-2020,M MIASHS 1A,01/10/2019,28/08/2021,CREDIT AGRICOLE SA,92120,MONTROUGE,SA,"48,81530322","2,316489214"
2019-2020,M MIASHS 1A,09/09/2019,31/08/2021,SOGETREL,92130,ISSY LES MOULINEAUX,SAS,"48,82347434","2,264498233"
2019-2020,M MIASHS 1A,02/09/2019,31/08/2021,PICKEOS,30820,CAVEIRAC,SAS,"43,83386686","4,267857962"
2019-2020,M MIASHS 1A,01/09/2019,31/08/2021,RECTORAT DE MONTPELLIER,34000,MONTPELLIER,Administration d'Etat,"43,61344091","3,868516579"
2019-2020,M MIASHS 1A,01/10/2019,30/09/2021,BNP PARIBAS PERSONAL FINANCE,92300,LEVALLOIS PERRET,SA CA,"48,89507167","2,286882681"
2019-2020,M MIASHS 1A,02/09/2019,31/08/2021,GROUPAMA SUPPORTS ET SERVICES,34170,CASTELNAU LE LEZ,Groupement d'intérêt économique,"43,63802188","3,91265416"
2019-2020,M MIASHS 1A,30/09/2019,31/08/2021,AIRBUS OPERATIONS SAS TOULOUSE,31000,TOULOUSE,SASU,"43,59638143","1,431672934"
2019-2020,M MIASHS 2A,10/09/2018,10/09/2020,MILLIONROADS,84000,AVIGNON,SAS,"43,93524483","4,840715725"
2019-2020,M MIASHS 2A,03/09/2018,30/08/2020,INST NATIONAL RECHERCHE AGRONOMIQUE,34070,MONTPELLIER,EPST,"43,61344091","3,868516579"
2019-2020,M MIASHS 2A,01/10/2018,31/08/2020,BANQUE POPULAIRE DU SUD,66000,PERPIGNAN,,"42,69659541","2,89936954"
2019-2020,M MIASHS 2A,30/09/2019,31/08/2020,AIRBUS OPERATIONS SAS TOULOUSE,31000,TOULOUSE,SASU,"43,59638143","1,431672934"
2019-2020,M MIASHS 2A,17/09/2018,31/08/2020,OLYSTIC,75008,PARIS 8,SAS,"48,87252727","2,31258256"
2019-2020,M MIASHS 2A,03/09/2018,02/09/2020,GROUPAMA SUPPORTS ET SERVICES,34170,CASTELNAU LE LEZ,Groupement d'intérêt économique,"43,63802188","3,91265416"
2019-2020,M MIASHS 2A,03/09/2018,28/08/2020,PRICEWATERHOUSECOOPERS ADVISORY,92200,NEUILLY SUR SEINE,SAS,"48,88537197","2,266425847"
2019-2020,M MIASHS 2A,02/09/2019,25/09/2020,SFR,,,,#N/A,#N/A
2019-2020,M MIASHS 2A,02/09/2019,04/09/2020,PRICEWATERHOUSECOOPERS ADVISORY,92200,NEUILLY SUR SEINE,SAS,"48,88537197","2,266425847"
2019-2020,M MIASHS 2A,02/09/2019,31/08/2020,ADDEO,33130,BEGLES,SAS,"44,80160091","-0,5477557684"
2019-2020,M MIASHS 2A,01/10/2018,30/09/2020,AXONAL-BIOSTATEM,92000,NANTERRE,SAS,"48,89607013","2,206713464"
2019-2020,M MIASHS 2A,07/01/2019,28/08/2020,ACELYS INFORMATIQUE,34000,MONTPELLIER,SAS,"43,61344091","3,868516579"
2019-2020,M MIASHS 2A,02/09/2019,31/08/2020,RUBIX DEVELOPPEMENT,69007,LYON 07,,"45,73340984","4,837584957"
2019-2020,M MIASHS 2A,03/09/2018,31/08/2020,ASSOCIATION DES MOYENS ASSURANCES,49906,ANGERS CEDEX 9,,#N/A,#N/A
2019-2020,M MIASHS 2A,03/09/2018,28/08/2020,REPORT ONE,81150,TERSSAC,SAS,"43,95321508","2,029954569"
2019-2020,M MIASHS 2A,18/11/2019,28/08/2020,SANOFI PASTEUR,69007,LYON 07,SA,"45,73340984","4,837584957"
2019-2020,M MIASHS 2A,03/09/2018,28/08/2020,EDF SA DIRECTION COMMERCE SUD OUEST,31100,TOULOUSE,SA,"43,59638143","1,431672934"
2019-2020,M MIASHS 2A,01/10/2018,30/09/2020,AIR FRANCE,93290,TREMBLAY EN FRANCE,SA CA,"48,97843041","2,554685015"
2019-2020,M MIASHS 2A,01/10/2019,31/08/2020,CONSEIL DEPARTEMENTAL DE L'HERAULT,34070,MONTPELLIER,Collectivité Territoriale,"43,61344091","3,868516579"
2019-2020,M MIASHS 2A,03/09/2018,31/08/2020,LISI AEROSPACE,75583,PARIS,,#N/A,#N/A
2019-2020,M MIASHS 2A,03/09/2018,28/08/2020,BALEA,34270,SAINT MATHIEU DE TREVIERS,SAS,"43,76409293","3,79487939"
2019-2020,M MIASHS 2A,20/08/2018,20/08/2020,GEOMATYS,34934,MONTPELLIER,SAS,#N/A,#N/A
2019-2020,M MISRH 1A,01/09/2019,30/09/2021,RM AUDIT & EXPERTISE,34070,MONTPELLIER,SARL,"43,61344091","3,868516579"
2019-2020,M MISRH 1A,09/09/2019,01/10/2021,EDF-CNPE CRUAS-MEYSSE,7350,CRUAS,SA,"44,65664209","4,756588244"
2019-2020,M MISRH 1A,02/09/2019,01/10/2021,EDF-CNPE CRUAS-MEYSSE,7350,CRUAS,SA,"44,65664209","4,756588244"
2019-2020,M MISRH 1A,01/10/2019,30/09/2021,O-I MANUFACTURING,34500,BEZIERS,SAS,"43,34758833","3,230767542"
2019-2020,M MISRH 1A,02/09/2019,17/09/2021,EXPERT HUIS PARIS MONTPELLIER,34080,MONTPELLIER,Société civile de moyens,"43,61344091","3,868516579"
2019-2020,M MISRH 1A,03/09/2019,17/09/2021,UNIVERSITÉ DE MONTPELLIER,34070,MONTPELLIER,Etablissement public,"43,61344091","3,868516579"
2019-2020,M MISRH 1A,01/09/2019,30/09/2021,CONSEIL DEPARTEMENTAL DE L'HERAULT,34070,MONTPELLIER,Collectivité Territoriale,"43,61344091","3,868516579"
2019-2020,M MISRH 1A,02/09/2019,17/09/2021,EDF CNPE BUGEY,1150,LAGNIEU,SA,"45,84696861","5,251660559"
2019-2020,M MISRH 1A,02/09/2019,30/09/2021,ARCELORMITTAL MEDITERRANEE,13270,FOS SUR MER,SAS,"43,45568121","4,904521339"
2019-2020,M MISRH 1A,01/10/2019,30/09/2021,POLE EMPLOI-DIRECTION DES SYSTÈMES D',34170,CASTELNAU LE LEZ,EPA,"43,63802188","3,91265416"
2020-2020,M MISRH 1A,01/07/2020,31/08/2021,SAINT MAMET,30600,VAUVERT,SAS,"43,62584685","4,305970933"
2019-2020,M MISRH 1A,01/08/2019,30/09/2021,VERDIE AUTOCARS,12000,RODEZ,SAS,"44,3609252","2,476715977"
2019-2020,M MISRH 1A,02/09/2019,01/10/2021,EDF-CNPE CRUAS-MEYSSE,7350,CRUAS,SA,"44,65664209","4,756588244"
2019-2020,M MISRH 1A,23/09/2019,24/09/2021,DEPARTEMENT ISERE,38022,GRENOBLE,Fonction publique territoriale,"45,64264374","5,56958624"
2019-2020,M MISRH 2A,03/09/2018,02/10/2020,CLINIQUE SAINT JEAN,34093,MONTPELLIER CEDEX 05,SAS,"43,6690497","3,221016971"
2019-2020,M MISRH 2A,01/10/2019,18/09/2020,RENAULT,78280,GUYANCOURT,SAS,"48,77307839","2,076052077"
2019-2020,M MISRH 2A,06/08/2018,02/10/2020,LA POSTE,34391,MONTPELLIER CEDEX 5,SA CA,#N/A,#N/A
2018-2020,M MISRH 2A,03/09/2018,02/10/2020,MERLIN GERIN ALES (SHNEIDER),30319,ALES,SAS,"44,03818981","4,343372874"
2019-2020,M MISRH 2A,02/09/2019,18/09/2020,MANPOWER,30100,ALES,SAS,"44,12500991","4,088285013"
2019-2020,M MISRH 2A,03/09/2018,02/10/2020,GMCO,34970,LATTES,SAS,"43,56385941","3,902262229"
2019-2020,M MISRH 2A,10/09/2018,31/08/2020,CONSEIL DEPARTEMENTAL DE L'HERAULT,34070,MONTPELLIER,Collectivité Territoriale,"43,61344091","3,868516579"
2019-2020,M MISRH 2A,02/09/2019,30/09/2020,A PLUS ENERGIES,,,,#N/A,#N/A
2019-2020,M MISRH 2A,27/08/2019,30/09/2020,BPIFRANCE,94700,MAISONS ALFORT,SA,"48,80639233","2,438182489"
2019-2020,M MISRH 2A,02/09/2019,30/09/2020,CAMERON FRANCE,34500,BEZIERS,SAS,"43,34758833","3,230767542"
2019-2020,M MISRH 2A,06/09/2018,02/10/2020,EDF-CNPE CRUAS-MEYSSE,7350,CRUAS,SA,"44,65664209","4,756588244"
2019-2020,M MISRH 2A,22/10/2018,30/09/2020,DUC,30730,SAINT BAUZELY,SA,"43,90727446","4,180545205"
2019-2020,M MISRH 2A,01/09/2018,31/08/2020,VORTEX,34430,SAINT JEAN DE VEDAS,SAS,"43,57162823","3,83221848"
2019-2020,M MISRH 2A,06/09/2018,02/10/2020,EDF-CNPE CRUAS-MEYSSE,7350,CRUAS,SA,"44,65664209","4,756588244"
2019-2020,M MISRH 2A,29/11/2018,02/10/2020,AFPA ENTREPRISES,34000,MONTPELLIER,EPIC,"43,61344091","3,868516579"
2019-2020,M MISRH 2A,01/09/2018,02/10/2020,TELESPAZIO FRANCE,31023,TOULOUSE,SAS,"43,19003534","0,813417937"
2019-2020,M MISRH 2A,03/09/2018,02/10/2020,R2M EXPERTISE,34080,MONTPELLIER,SASU,"43,61344091","3,868516579"
2019-2020,M MISRH 2A,19/09/2019,18/09/2020,DDTM 34 HERAULT,34070,MONTPELLIER,Administration d'Etat,"43,61344091","3,868516579"
2019-2020,M PTO 2A,02/09/2019,30/09/2020,EI GROUPE,34000,MONTPELLIER,SAS,"43,61344091","3,868516579"
2019-2020,M2 MAVINUM,02/09/2019,25/09/2020,EGIS RAIL,69006,LYON 6E,SA,"45,77285072","4,852079114"
2019-2020,M2 PTO,23/09/2019,25/09/2020,EDF - CNPE DE GOLFECH,82401,VALENCE D'AGEN CEDEX,SA,#N/A,#N/A
2020-2021,DUT SAP 1A,01/10/2020,16/06/2022,ADMR PAY HERAULTAIS,34080,MONTPELLIER,ASSOCIATION,"43,61344091","3,868516579"
2020-2021,DUT SAP 2A,01/10/2020,16/06/2021,RESIDENCE JULES SEGUELA,11110,SALLES D AUDE,,"43,18764163","3,08927706"
2020-2021,DUT SAP 2A,18/09/2020,31/08/2021,FEDERATION ADMR DE L'AUDE,11000,CARCASSONNE,ASSOCIATION,"43,21409862","2,407732717"
2020-2021,DUT SAP 2A,01/09/2019,31/08/2021,ADAPA,1000,BOURG EN BRESSE,,"46,20515204","5,246021255"
2020-2021,DUT SAP 2A,03/09/2018,30/08/2020,A2MICILE - AZAE NARBONNE,11200,LEZIGNAN CORBIERES,SARL,"43,24583407","2,770623578"
2020-2021,LG AES DS,01/09/2020,31/08/2021,LYCEE AGRICOLE VALLEE DE L'HERAULT,34150,GIGNAC,ASSOCIATION,"43,68350114","3,592594376"
2020-2021,LP Animation,08/02/2021,30/09/2021,PLATEFORME SOLIDARITE INTERNATIONALE,66000,PERPIGNAN,ASSOCIATION,"42,69659541","2,89936954"
2020-2021,LP Animation,01/10/2020,31/08/2021,CONSEIL DEPARTEMENTAL DE L'HERAULT,34070,MONTPELLIER,Collectivité Territoriale,"43,61344091","3,868516579"
2020-2021,LP Animation,21/09/2020,30/09/2021,ESSOR SAVOIRS ET PARTAGE,34080,MONTPELLIER,ASSOCIATION,"43,61344091","3,868516579"
2020-2021,LP Animation,19/10/2020,31/07/2021,ASSO AGATHOISE SAUVETAGE SECOURISME-NA,34300,AGDE,ASSOCIATION,"43,30912912","3,484479031"
2020-2021,LP Animation,01/09/2020,30/09/2021,PACAP,34190,GANGES,ASSOCIATION,"43,90105236","3,726526304"
2020-2021,LP Animation,01/03/2021,31/08/2021,STAND'ART,34430,ST JEAN DE VEDAS,ASSOCIATION,"43,57162823","3,83221848"
2020-2021,LP Animation,14/10/2020,30/08/2021,PEPS-PRATIQUE EDUC ET PLAISIR SPORTIFS,34000,MONTPELLIER,ASSOCIATION,"43,61344091","3,868516579"
2020-2021,LP Animation,08/04/2021,07/10/2021,,,,,#N/A,#N/A
2020-2021,LP IS APS,04/01/2021,02/07/2021,MAISON DE SANTÉ PROTESTANTE,30000,NIMES,ASSOCIATION,"43,84493839","4,34806797"
2020-2021,LP IS APS,01/10/2020,31/08/2021,AMARIC APEF,30200,BAGNOLS SUR CEZE,SARL,"44,16224967","4,624773809"
2020-2021,LP IS APS,26/10/2020,31/08/2021,DEPARTEMENT DE L'AUDE,11000,CARCASSONNE,Collectivité Territoriale,"43,21409862","2,407732717"
2020-2021,LP RDN,01/09/2020,31/08/2021,DGDDI - GARDE COTES DOUANE,76620,LE HAVRE,Administration d'Etat,"49,4984525","0,1401537192"
2020-2021,LP RDN,01/02/2021,31/08/2021,DGA ESSAIS EN VOL SITE D'ISTRES,13800,ISTRES,Administration d'Etat,"43,55026891","4,951181352"
2020-2021,LP RDN,01/09/2020,31/08/2021,ECOUTER LE BRUIT,78300,POISSY,Entreprise à responsabilité limitée,"48,92353594","2,027155528"
2020-2021,LP RDN,14/09/2020,31/08/2021,MODELE DEPOSE,66100,PERPIGNAN,SARL,"42,69659541","2,89936954"
2020-2021,LP RDN,31/08/2020,30/07/2021,OCCITANIE LIVRE & LECTURE,31000,TOULOUSE,ASSOCIATION,"43,59638143","1,431672934"
2020-2021,LP RDN,01/09/2020,31/08/2021,ECOUTER LE BRUIT,78300,POISSY,Entreprise à responsabilité limitée,"48,92353594","2,027155528"
2020-2021,M CNO 1A,16/11/2020,05/09/2022,BITWIPCONSEIL,97300,CAYENNE,SAS,"5,021737428","-52,50125111"
2020-2021,M CNO 1A,07/09/2020,06/09/2022,DEPARTEMENT DE L'AUDE,11000,CARCASSONNE,Collectivité Territoriale,"43,21409862","2,407732717"
2020-2021,M CNO 1A,04/10/2020,03/10/2022,L'ARTISAN CHOCOLATIER,81000,ALBI,SARL,"43,92582136","2,146863286"
2020-2021,M CNO 1A,19/10/2020,05/09/2022,MIDIMEDIA,34430,SAINT JEAN DE VEDAS,SNC,"43,57162823","3,83221848"
2020-2021,M CNO 1A,02/11/2020,05/09/2022,GIP CONNECT,34970,LATTES,SAS,"43,56385941","3,902262229"
2020-2021,M CNO 1A,01/09/2020,31/08/2022,PREFECTURE DE L'HERAULT,34070,MONTPELLIER,Administration d'Etat,"43,61344091","3,868516579"
2020-2021,M CNO 1A,01/02/2021,05/09/2022,PAHASKA,34830,JACOU,ASSOCIATION,"43,66201923","3,886897482"
2020-2021,M CNO 1A,01/10/2020,30/09/2022,TECHNILUM,34500,BEZIERS,SAS,"43,34758833","3,230767542"
2020-2021,M CNO 1A,02/11/2020,30/09/2022,APELEM,,GAILLARGUES LE MONTUEUX,SAS,#N/A,#N/A
2020-2021,M CNO 1A,01/09/2020,05/09/2022,FONDATION VAN ALLEN,34090,MONTPELLIER,FONDATION,"43,61344091","3,868516579"
2020-2021,M CNO 1A,01/02/2021,30/09/2022,APSARA MEDIA,13300,SALON DE PROVENCE,Entreprise à responsabilité limitée,"43,64628852","5,068146496"
2020-2021,M CNO 2A,01/09/2020,06/09/2021,WAH,34400,LUNEL,SARL,"43,68204818","4,135664723"
2020-2021,M CNO 2A,21/12/2020,26/09/2021,CENTRE MEDICAL INFANTILE,63540,ROMAGNAT,ASSOCIATION,"45,72105836","3,088246719"
2020-2021,M CNO 2A,15/02/2021,06/09/2021,FESTIVAL RADIO FRANCE OCCITANIE MONTPE,34960,MONTPELLIER CEDEX 2,ASSOCIATION,#N/A,#N/A
2020-2021,M CNO 2A,16/10/2019,06/09/2021,PREFECTURE DES PYRENEES ORIENTALES,66100,PERPIGNAN,Administration d'Etat,"42,69659541","2,89936954"
2020-2021,M CNO 2A,05/01/2021,30/09/2021,LES FEES SPECIALES,34070,MONTPELLIER,SARL,"43,61344091","3,868516579"
2020-2021,M CNO 2A,28/12/2020,03/08/2021,SPOTYRIDE,34000,MONTPELLIER,SAS,"43,61344091","3,868516579"
2020-2021,M CNO 2A,19/10/2020,06/09/2021,COMMUNE DE LE GRAU DU ROI,30240,LE GRAU DU ROI,Administration d'Etat,"43,50728109","4,166229487"
2020-2021,M CNO 2A,01/12/2019,30/11/2021,AGENCE REGIONALE DE SANTE OCCITANIE,34070,MONTPELLIER,Administration d'Etat,"43,61344091","3,868516579"
2020-2021,M COMPAC 1A,07/12/2020,05/09/2022,SCOPIE,34110,FRONTIGNAN,ASSOCIATION,"43,44824589","3,749235224"
2020-2021,M COMPAC 1A,07/12/2020,05/09/2022,ECO FARMS,75002,PARIS 02,SASU,"48,86790338","2,344107167"
2020-2021,M COMPAC 1A,06/10/2020,05/10/2022,MAIRIE BREC'H,56400,BRECH,Commune et Commune Nouvelle,"47,66770574","-2,990411122"
2020-2021,M COMPAC 1A,28/09/2020,05/09/2022,MADAME SOPHIE GUIN,34170,CASTELNAU LE LEZ,Micro-entrepreneur,"43,63802188","3,91265416"
2020-2021,M COMPAC 1A,28/09/2020,28/09/2022,TROPISME,34070,MONTPELLIER,Société coopérative d'intérêt collectif,"43,61344091","3,868516579"
2020-2021,M COMPAC 1A,01/02/2021,05/09/2022,BASSE COUR,30000,NIMES,ASSOCIATION,"43,84493839","4,34806797"
2020-2021,M COMPAC 2A,01/09/2020,31/08/2021,RADIO NARBONNE GRAND SUD FM,11100,NARBONNE,ASSOCIATION,"43,11764167","2,97718129"
2020-2021,M COMPAC 2A,02/09/2019,06/09/2021,MERCY SHIPS,1210,FERNEY VOLTAIRE,ASSOCIATION,"46,25197892","6,108264038"
2020-2021,M COMPAC 2A,19/10/2020,18/10/2021,CPIE BASSIN DE THAU,34110,FRONTIGNAN,ASSOCIATION,"43,44824589","3,749235224"
2020-2021,M COMPAC 2A,02/09/2019,06/09/2021,PREFECTURE DU GARD,30900,NIMES,Administration d'Etat,"43,84493839","4,34806797"
2020-2021,M COMPAC 2A,21/10/2020,31/07/2021,MAIRIE DE MILLAU,12100,MILLAU,Administration d'Etat,"44,09647837","2,979619131"
2020-2021,M COMPAC 2A,02/09/2019,01/09/2021,SGAMI SUD,13014,MARSEILLE,Administration d'Etat,"43,34550181","5,394089158"
2020-2021,M COMPAC 2A,01/01/2020,06/09/2021,CHU ROYANS,17200,ROYAN CEDEX,Administration d'Etat,"45,63465742","-1,017914034"
2020-2021,M CPO 1A,01/10/2020,05/09/2022,GROUPE PRÉSIDENT ELECTRONICS,34543,BALARUC LES BAINS,SA,#N/A,#N/A
2020-2021,M CPO 1A,03/12/2020,05/09/2022,SCHNEIDER ELECTRIC INDUSTRIES,38100,GRENOBLE CEDEX 9,SAS,"45,18212152","5,721330518"
2020-2021,M CPO 1A,14/09/2020,09/09/2022,SNCF VOYAGEURS,34070,MONTPELLIER,SA,"43,61344091","3,868516579"
2020-2021,M CPO 1A,03/02/2021,05/09/2022,JOKAT PANDORA,34090,MONTPELLIER,SARL,"43,61344091","3,868516579"
2020-2021,M CPO 1A,09/11/2020,09/11/2022,CAMILLE BONNEVIAL PLUTON,38470,COGNIN LES GORGES,Entreprise à responsabilité limitée,"45,21893063","5,458357841"
2020-2021,M CPO 1A,07/09/2020,09/09/2022,HORMANN FRANCE,89102,SENS,SAS,"47,75442171","3,49168846"
2020-2021,M CPO 2A,16/11/2020,06/09/2021,COURANT FORT,26000,VALENCE,ASSOCIATION,"44,92298117","4,914440131"
2020-2021,M CPO 2A,12/11/2020,30/09/2021,CONSEIL DEPARTEMENTAL DE L'HERAULT,34070,MONTPELLIER,Collectivité Territoriale,"43,61344091","3,868516579"
2020-2021,M CPO 2A,16/11/2020,06/09/2021,DATA TERRAE,34000,MONTPELLIER,SAS,"43,61344091","3,868516579"
2020-2021,M CPO 2A,19/10/2020,18/10/2021,KINEIS,31520,RAMONVILLE SAINT AGNE,SAS,"43,54418379","1,477823728"
2020-2021,M CPO 2A,07/09/2020,06/09/2021,DEPARTEMENT DE L'AUDE,11000,CARCASSONNE,Collectivité Territoriale,"43,21409862","2,407732717"
2020-2021,M CPO 2A,25/11/2019,30/09/2021,AIRDIE,34000,MONTPELLIER,ASSOCIATION,"43,61344091","3,868516579"
2020-2021,M CPO 2A,03/12/2020,06/09/2021,Mutualité Française Grand Sud,34000,MONTPELLIER,,"43,61344091","3,868516579"
2020-2021,M DDT 1A,05/10/2020,08/09/2022,DEPARTEMENT DU TARN,81013,ALBI CEDEX 9,Fonction publique territoriale,"44,00853652","2,302566379"
2020-2021,M ESEEC 1A,01/09/2020,23/09/2022,SECRÉTARIAT GÉNÉRAL COMMUN DE VAUCLUSE,84000,AVIGNON CEDEX 9,Administration d'Etat,"43,93524483","4,840715725"
2020-2021,M GIMD 1A,12/10/2020,09/09/2022,HARMONY GROUP,30100,ALES,SARL,"44,12500991","4,088285013"
2020-2021,M GIMD 1A,01/10/2020,31/07/2022,ENSAM,34070,MONTPELLIER,Etablissement public,"43,61344091","3,868516579"
2020-2021,M GIMD 1A,01/12/2020,30/11/2022,UNIVERSITE PAUL VALERY MONTPELLIER 3,34199,MONTPELLIER CEDEX 5,Administration d'Etat,"43,46299017","3,416516521"
2020-2021,M GIMD 1A,14/10/2020,15/09/2022,CEA DE MARCOULE,30200,BAGNOLS SUR CEZE,EPIC,"44,16224967","4,624773809"
2020-2021,M GIMD 1A,11/01/2021,15/07/2022,UNIVERSITE D EVRY VAL D ESSONNE,91000,EVRY,Administration d'Etat,"48,62948317","2,440082445"
2020-2021,M GIMD 2A,14/10/2019,30/09/2021,INSTITUT NATIONAL DE L'AUDIOVISUEL,94360,BRY SUR MARNE,EPIC,"48,83840957","2,523196576"
2020-2021,M GIMD 2A,01/10/2020,31/08/2021,UNIVERSITE PAUL VALERY MONTPELLIER 3,34199,MONTPELLIER CEDEX 5,Administration d'Etat,"43,46299017","3,416516521"
2020-2021,M GRH AS 1A,04/09/2020,16/09/2022,LES COURRIERS DU MIDI,34090,MONTPELLIER,SAS,"43,61344091","3,868516579"
2020-2021,M GRH AS 2A,01/10/2020,30/09/2021,OPEN TOURISME LAB-NÎMES METROPOLE,30900,NIMES,ASSOCIATION,"43,84493839","4,34806797"
2020-2021,M GRH AS 2A,01/09/2020,30/09/2021,GROUPE ID,34470,PEROLS,SARL,"43,56066427","3,951757085"
2020-2021,M GRH AS 2A,07/09/2020,24/09/2021,SANOFI AVENTIS RECHERCHE DEVELOPPEMENT,34070,MONTPELLIER,SA,"43,61344091","3,868516579"
2020-2021,M GRH SOI 2A,02/09/2019,17/09/2021,EXPERT HUIS PARIS MONTPELLIER,34080,MONTPELLIER,Société civile de moyens,"43,61344091","3,868516579"
2020-2021,M GRH SOI 2A,01/09/2019,30/09/2021,CONSEIL DEPARTEMENTAL DE L'HERAULT,34070,MONTPELLIER,Collectivité Territoriale,"43,61344091","3,868516579"
2020-2021,M HUMANUM 1A,05/10/2020,30/09/2022,LA POSTE,75015,PARIS 15,SA,"48,84015542","2,293559372"
2020-2021,M HUMANUM 1A,19/10/2020,30/09/2022,EARLY MAKERS GROUP,75012,PARIS 12,SA,"48,83515623","2,419807035"
2020-2021,M HUMANUM 1A,05/10/2020,30/09/2022,FRANCE EDUCATION INTERNATIONAL,92310,SEVRES,Administration d'Etat,"48,82147651","2,210522974"
2020-2021,M HUMANUM 1A,05/10/2020,30/09/2022,MEDICA FRANCE,75008,PARIS 08,SAS,"48,87252727","2,31258256"
2020-2021,M HUMANUM 2A,01/09/2020,30/09/2021,UNIVERSITE PAUL VALERY MONTPELLIER 3,34199,MONTPELLIER CEDEX 5,Administration d'Etat,"43,46299017","3,416516521"
2020-2021,M HUMANUM 2A,01/12/2020,30/11/2021,FRANCE EDUCATION INTERNATIONAL,92310,SEVRES,Administration d'Etat,"48,82147651","2,210522974"
2020-2021,M HUMANUM 2A,16/10/2020,15/10/2021,SERVICE & CO,69006,LYON 06,SAS,"45,77285072","4,852079114"
2020-2021,M HUMANUM 2A,09/11/2020,30/09/2021,AUNEGE,75008,PARIS 08,ASSOCIATION,"48,87252727","2,31258256"
2020-2021,M HUMANUM 2A,19/10/2020,30/09/2021,OUEST MEDIAS,44600,SAINT NAZAIRE,SAS,"47,2802857","-2,253799272"
2020-2021,M IDS ESSAP 1A,14/09/2020,24/09/2022,UNAPEI 34,34090,MONTPELLIER,,"43,61344091","3,868516579"
2020-2021,M IDS ESSAP 1A,23/09/2020,30/09/2022,ESL,48000,MENDE,Entreprise à responsabilité limitée,"44,53990342","3,554042836"
2020-2021,M IDS ESSAP 1A,14/09/2020,30/09/2022,LIGUE DE L'ENSEIGNEMENT - F VAUCLUSE,84000,AVIGNON,ASSOCIATION,"43,93524483","4,840715725"
2020-2021,M IDS ESSAP 1A,01/10/2020,30/09/2022,CONSEIL DEPARTEMENTAL DE L'HERAULT,34070,MONTPELLIER,Collectivité Territoriale,"43,61344091","3,868516579"
2020-2021,M IDS ESSAP 1A,01/10/2020,30/09/2022,CONSEIL DEPARTEMENTAL DE L'HERAULT,34070,MONTPELLIER,Collectivité Territoriale,"43,61344091","3,868516579"
2020-2021,M IDS ESSAP 2A,26/10/2020,30/09/2021,MARCHE PAYSANS,34970,LATTES,ASSOCIATION,"43,56385941","3,902262229"
2020-2021,M IDS ESSAP 2A,01/10/2020,30/09/2021,INTERMEDIAIRE ADEQUATION,38500,VOIRON,ASSOCIATION,"45,3311382","5,623564106"
2020-2021,M IDS ESSAP 2A,01/09/2020,24/09/2021,1 CHEZ SOI D ABORD,34000,MONTPELLIER,ASSOCIATION,"43,61344091","3,868516579"
2020-2021,M IDS ESSAP 2A,07/09/2020,24/09/2021,CROUS DE MONTPELLIER,34070,MONTPELLIER,Administration d'Etat,"43,61344091","3,868516579"
2020-2021,M IDS ESSAP 2A,01/11/2020,31/10/2021,CRESS OCCITANIE,31500,TOULOUSE,ASSOCIATION,"43,59638143","1,431672934"
2020-2021,M IDS ESSAP 2A,28/09/2020,24/09/2021,EDUCATIVE DU MAS CAVAILLAC,30120,MOLIERES CAVAILLAC,ASSOCIATION,"44,04169608","3,58679644"
2020-2021,M IDS PIDT 1A,02/11/2020,01/11/2022,SERVICE ACCUEIL MINEURS RAIMBAUD,42300,ROANNE,ASSOCIATION,"46,09194569","4,063321183"
2020-2021,M IDS PIDT 2A,01/10/2019,30/09/2021,BOUILLON CUBE,34380,CAUSSE DE LA SELLE,ASSOCIATION,"43,72495231","3,674207203"
2020-2021,M IDS PIDT 2A,01/10/2020,30/09/2021,CONSEIL DEPARTEMENTAL DE L'HERAULT,34070,MONTPELLIER,Collectivité Territoriale,"43,61344091","3,868516579"
2020-2021,M IDS PIDT 2A,07/10/2019,30/09/2021,ASSOCIATION DEFI,34070,MONTPELLIER,ASSOCIATION,"43,61344091","3,868516579"
2020-2021,M IDS PIDT 2A,19/10/2020,19/10/2021,PASSEURS-CULTURES/IMAGES PACIM,34080,MONTPELLIER,ASSOCIATION,"43,61344091","3,868516579"
2020-2021,M IDS PIDT 2A,14/10/2020,24/09/2021,GROUPE SOS SOLIDARITÉS,75011,PARIS,ASSOCIATION,"48,8594155","2,37874106"
2020-2021,M IDS PIDT 2A,28/10/2020,26/10/2021,LA MENUISERIE COLLABORATIVE,34070,MONTPELLIER,SARL,"43,61344091","3,868516579"
2020-2021,M IDS PIDT 2A,02/11/2020,30/09/2021,MISSION LOCALE JEUNE MONTPELLIER,34000,MONTPELLIER,ASSOCIATION,"43,61344091","3,868516579"
2020-2021,M IDS PIDT 2A,01/10/2020,29/10/2021,LIGUE DE L'ENSEIGNEMENT-FEDE YVELINES,,,ASSOCIATION,#N/A,#N/A
2020-2021,M MAVINUM 2A,03/10/2019,30/09/2021,EDF CNPE DE DAMPIERRE,45570,OUZOUER SUR LOIRE,SA,"47,76127445","2,543038043"
2020-2021,M MIASHS 1A,19/10/2020,31/08/2022,CONSEIL DEPARTEMENTAL DE L'HERAULT,34070,MONTPELLIER,Collectivité Territoriale,"43,61344091","3,868516579"
2020-2021,M MIASHS 1A,31/08/2020,31/08/2022,BALEA,34270,SAINT MATHIEU DE TREVIERS,SAS,"43,76409293","3,79487939"
2020-2021,M MIASHS 1A,01/09/2020,31/08/2022,SIM AND CURE,34090,MONTPELLIER,SA,"43,61344091","3,868516579"
2020-2021,M MIASHS 1A,01/09/2020,31/08/2022,AIRBUS HELICOPTERS MARIGNANE,13700,MARIGNANE,SAS,"43,41720684","5,212219045"
2020-2021,M MIASHS 1A,07/09/2020,31/08/2022,CDC HABITAT,34070,MONTPELLIER,Société d'économie mixte,"43,61344091","3,868516579"
2020-2021,M MIASHS 1A,07/09/2020,31/08/2022,8.2 FRANCE,34000,MONTPELLIER,SAS,"43,61344091","3,868516579"
2020-2021,M MIASHS 1A,07/09/2020,30/09/2022,NETIWAN,34500,BEZIERS,SAS,"43,34758833","3,230767542"
2020-2021,M MIASHS 1A,01/09/2020,31/08/2022,OPENFIELD MALAKOFF,92240,MALAKOFF,SAS,"48,8169696","2,296935995"
2020-2021,M MIASHS 1A,07/09/2020,09/09/2022,SOGETREL,92130,ISSY LES MOULINEAUX,SAS,"48,82347434","2,264498233"
2020-2021,M MIASHS 1A,26/10/2020,31/08/2022,CDC HABITAT,34070,MONTPELLIER,Société d'économie mixte,"43,61344091","3,868516579"
2020-2021,M MIASHS 1A,31/08/2020,01/09/2022,TOPNIR SYSTEMS,13857,AIX EN PROVENCE CEDEX 3,SAS,#N/A,#N/A
2020-2021,M MIASHS 1A,25/09/2020,02/09/2022,LYTN,34090,MONTPELLIER,SAS,"43,61344091","3,868516579"
2020-2021,M MIASHS 1A,31/08/2020,30/09/2022,DAMMANN PRESTATIONS INFORMATIQUES,30310,VERGEZE,SASU,"43,73753604","4,233609905"
2020-2021,M MIASHS 1A,01/07/2021,02/09/2021,,,,,#N/A,#N/A
2020-2021,M MIASHS 1A,04/01/2021,31/08/2022,AIRBUS OPERATIONS SAS TOULOUSE,31000,TOULOUSE,SASU,"43,59638143","1,431672934"
2020-2021,M MIASHS 1A,15/06/2021,31/08/2021,,,,,#N/A,#N/A
2020-2021,M MIASHS 1A,04/01/2021,30/09/2022,CONSEIL DEPARTEMENTAL DE L'HERAULT,34070,MONTPELLIER,Collectivité Territoriale,"43,61344091","3,868516579"
2020-2021,M MIASHS 2A,01/10/2018,30/08/2021,ESSILOR INTERNATIONAL,94000,CRETEIL,SAS,"48,78374018","2,454635304"
2020-2021,M MIASHS 2A,01/10/2020,30/09/2021,AMADEUS,6410,BIOT,SAS,"43,62765581","7,083186129"
2020-2021,M MIASHS 2A,01/10/2018,31/08/2020,BANQUE POPULAIRE DU SUD,66000,PERPIGNAN,,"42,69659541","2,89936954"
2020-2021,M MIASHS 2A,01/09/2020,31/08/2021,POLE EMPLOI-DIRECTION DES SYSTÈMES D',34170,CASTELNAU LE LEZ,EPA,"43,63802188","3,91265416"
2020-2021,M MIASHS 2A,01/10/2020,31/08/2021,ONAOS,66330,CABESTANY,SASU,"42,6790392","2,946286334"
2020-2021,M MIASHS 2A,04/11/2019,28/08/2021,PRICEWATERHOUSECOOPERS ADVISORY,34000,MONTPELLIER,SAS,"43,61344091","3,868516579"
2020-2021,M MIASHS 2A,04/11/2019,28/08/2021,SANOFI CHIMIE,30390,ARAMON,SAS,"43,90419902","4,683020019"
2020-2021,M MIASHS 2A,01/10/2019,31/08/2021,CONSEIL DEPARTEMENTAL DE L'HERAULT,34070,MONTPELLIER,Collectivité Territoriale,"43,61344091","3,868516579"
2020-2021,M MIASHS 2A,02/09/2019,31/08/2021,COMWATT,34960,MONTPELLIER,SAS,#N/A,#N/A
2020-2021,M MIASHS 2A,21/10/2019,28/08/2021,SANOFI AVENTIS RECHERCHE DEVELOPPEMENT,34070,MONTPELLIER,SA,"43,61344091","3,868516579"
2020-2021,M MIASHS 2A,30/11/2020,01/09/2021,PSA AUTOMOBILES SA,78300,POISSY,SA,"48,92353594","2,027155528"
2020-2021,M MIASHS 2A,31/08/2020,01/09/2021,SANOFI AVENTIS RECHERCHE DEVELOPPEMENT,34070,MONTPELLIER,SA,"43,61344091","3,868516579"
2020-2021,M MIASHS 2A,11/09/2019,31/08/2021,MUTEX,92327,CHATILLON,SA,#N/A,#N/A
2020-2021,M MIASHS 2A,09/09/2019,28/08/2021,INETUM,93400,ST OUEN SUR SEINE,SA CA,"48,90980658","2,332570422"
2020-2021,M MIASHS 2A,02/09/2019,31/08/2021,PRIVATESPORTSHOP VENDARGUES,34740,VENDARGUES,SAS,"43,66104575","3,962830331"
2020-2021,M MIASHS 2A,01/09/2020,01/09/2021,AUDRNA,30023,Nîmes cedex 1,ASSOCIATION,"43,79143612","4,12868797"
2020-2021,M MIASHS 2A,02/09/2019,24/09/2021,CAISSE REGIONALE DU CREDIT AGRICOLE DU,34970,LATTES,SA,"43,56385941","3,902262229"
2020-2021,M MIASHS 2A,01/10/2019,28/08/2021,CREDIT AGRICOLE SA,92120,MONTROUGE,SA,"48,81530322","2,316489214"
2020-2021,M MIASHS 2A,09/09/2019,31/08/2021,SOGETREL,92130,ISSY LES MOULINEAUX,SAS,"48,82347434","2,264498233"
2020-2021,M MIASHS 2A,02/09/2019,31/08/2021,PICKEOS,30820,CAVEIRAC,SAS,"43,83386686","4,267857962"
2020-2021,M MIASHS 2A,01/09/2019,31/08/2021,RECTORAT DE MONTPELLIER,34000,MONTPELLIER,Administration d'Etat,"43,61344091","3,868516579"
2020-2021,M MIASHS 2A,01/10/2019,30/09/2021,BNP PARIBAS PERSONAL FINANCE,92300,LEVALLOIS PERRET,SA CA,"48,89507167","2,286882681"
2020-2021,M MIASHS 2A,02/09/2019,31/08/2021,GROUPAMA SUPPORTS ET SERVICES,34170,CASTELNAU LE LEZ,Groupement d'intérêt économique,"43,63802188","3,91265416"
2020-2021,M MIASHS 2A,21/09/2020,31/08/2021,AXENS,30340,SALINDRES,SA,"44,10161097","4,151296055"
2020-2021,M MISRH 1A,01/09/2020,23/09/2022,AUGEFI,34300,AGDE,SAS,"43,30912912","3,484479031"
2020-2021,M MISRH 1A,01/09/2020,23/09/2022,ORANO DS DO CEA,30200,BAGNOLS SUR CEZE,SA,"44,16224967","4,624773809"
2020-2021,M MISRH 1A,14/09/2020,30/09/2022,EDF-CNPE CRUAS-MEYSSE,7350,CRUAS,SA,"44,65664209","4,756588244"
2020-2021,M MISRH 1A,14/09/2020,30/09/2022,UNAPEI 34,34090,MONTPELLIER,,"43,61344091","3,868516579"
2020-2021,M MISRH 1A,14/09/2020,23/09/2022,ORANO NC TRICASTIN,26701,PIERRELATTE,SA,#N/A,#N/A
2020-2021,M MISRH 1A,05/10/2020,24/09/2022,PAY JOB,75008,PARIS,SARL,"48,87252727","2,31258256"
2020-2021,M MISRH 1A,01/09/2020,30/09/2022,SUD SERVICE,34171,CASTELNAU LE LEZ CEDEX,SAS,"43,91924221","3,80187206"
2020-2021,M MISRH 1A,12/11/2020,30/09/2022,SAUR,30900,NIMES,,"43,84493839","4,34806797"
2020-2021,M MISRH 1A,01/09/2020,23/09/2022,LA COMPAGNIE DES DESSERTS,11200,LEZIGNAN CORBIERES,SAS,"43,24583407","2,770623578"
2020-2021,M MISRH 1A,01/09/2020,17/09/2022,PAY JOB,75008,PARIS,SARL,"48,87252727","2,31258256"
2020-2021,M MISRH 1A,14/09/2020,23/09/2022,AUGEFI BASSIN DE THAU FRONTIGNAN,34110,FRONTIGNAN,SAS,"43,44824589","3,749235224"
2020-2021,M MISRH 1A,01/09/2020,23/09/2022,GRID SOLUTIONS,34070,MONTPELLIER,SAS,"43,61344091","3,868516579"
2020-2021,M MISRH 1A,01/09/2020,30/09/2022,RM AUDIT & EXPERTISE,34070,MONTPELLIER,SARL,"43,61344091","3,868516579"
2020-2021,M MISRH 2A,01/09/2019,30/09/2021,RM AUDIT & EXPERTISE,34070,MONTPELLIER,SARL,"43,61344091","3,868516579"
2020-2021,M MISRH 2A,29/03/2021,30/09/2021,PEARLS MELIS,94400,VITRY SUR SEINE,SASU,"48,78828283","2,394126805"
2020-2021,M MISRH 2A,03/09/2020,24/09/2021,TAM,34075,MONTPELLIER,SOCIETE ANONYME d'ECONOMIE MIXTE,"43,33115899","2,70406695"
2020-2021,M MISRH 2A,14/12/2020,30/09/2021,SOFILEC,34070,MONTPELLIER,SAS,"43,61344091","3,868516579"
2020-2021,M MISRH 2A,09/09/2019,01/10/2021,EDF-CNPE CRUAS-MEYSSE,7350,CRUAS,SA,"44,65664209","4,756588244"
2020-2021,M MISRH 2A,28/09/2020,26/09/2021,LEROY MERLIN FORBACH,57600,MORSBACH,SA,"49,15124588","6,906235919"
2020-2021,M MISRH 2A,14/09/2020,24/09/2021,SERPE,,,,#N/A,#N/A
2020-2021,M MISRH 2A,02/09/2019,01/10/2021,EDF-CNPE CRUAS-MEYSSE,7350,CRUAS,SA,"44,65664209","4,756588244"
2020-2021,M MISRH 2A,01/10/2019,30/09/2021,O-I MANUFACTURING,34500,BEZIERS,SAS,"43,34758833","3,230767542"
2020-2021,M MISRH 2A,04/01/2021,30/09/2021,L ATELIER DE LA CASQUETTE,30900,NIMES,,"43,84493839","4,34806797"
2020-2021,M MISRH 2A,03/09/2019,17/09/2021,UNIVERSITÉ DE MONTPELLIER,34070,MONTPELLIER,Etablissement public,"43,61344091","3,868516579"
2020-2021,M MISRH 2A,16/11/2020,30/09/2021,VECTALIA FRANCE,66100,PERPIGNAN,SAS,"42,69659541","2,89936954"
2020-2021,M MISRH 2A,05/10/2020,04/04/2021,,,,,#N/A,#N/A
2020-2021,M MISRH 2A,02/09/2019,17/09/2021,EDF CNPE BUGEY,1150,LAGNIEU,SA,"45,84696861","5,251660559"
2020-2021,M MISRH 2A,02/09/2019,30/09/2021,ARCELORMITTAL MEDITERRANEE,13270,FOS SUR MER,SAS,"43,45568121","4,904521339"
2020-2021,M MISRH 2A,01/10/2019,30/09/2021,POLE EMPLOI-DIRECTION DES SYSTÈMES D',34170,CASTELNAU LE LEZ,EPA,"43,63802188","3,91265416"
2020-2021,M MISRH 2A,14/09/2020,30/09/2021,EGIS,78280,GUYANCOURT,SA,"48,77307839","2,076052077"
2020-2021,M MISRH 2A,01/02/2021,30/09/2021,SWORD,69370,SAINT DIDIER AU MONT D OR,SAS,"45,81472881","4,798443302"
2020-2021,M MISRH 2A,01/07/2020,31/08/2021,SAINT MAMET,30600,VAUVERT,SAS,"43,62584685","4,305970933"
2020-2021,M MISRH 2A,01/08/2019,30/09/2021,VERDIE AUTOCARS,12000,RODEZ,SAS,"44,3609252","2,476715977"
2020-2021,M MISRH 2A,01/09/2020,24/09/2021,APEX ENERGIES,34070,MONTPELLIER,SAS,"43,61344091","3,868516579"
2020-2021,M MISRH 2A,28/09/2020,30/09/2021,MAIRIE DE MARVEJOLS,48100,MARVEJOLS,Administration d'Etat,"44,58811083","3,253932566"
2020-2021,M MISRH 2A,25/01/2021,30/09/2021,FIDUCIAL SECURITE,92400,COURBEVOIE,,"48,89845048","2,255705873"
2020-2021,M MISRH 2A,02/09/2019,01/10/2021,EDF-CNPE CRUAS-MEYSSE,7350,CRUAS,SA,"44,65664209","4,756588244"
2020-2021,M MISRH 2A,16/12/2020,24/09/2021,ALAIN DUCASSE FORMATION,92360,MEUDON,SARL,"48,80372758","2,226962878"
2020-2021,M MISRH 2A,19/10/2020,30/09/2021,HINFACT,31400,TOULOUSE,SAS,"43,59638143","1,431672934"
2020-2021,M MISRH 2A,28/09/2020,27/09/2021,BUSINESS & DECISION INTERACTIVE EOLAS,38000,GRENOBLE,SARL,"45,18212152","5,721330518"
2020-2021,M MPCA 2A,18/02/2021,31/08/2021,LES FEES SPECIALES,34070,MONTPELLIER,SARL,"43,61344091","3,868516579"
2020-2021,M MPCA 2A,01/09/2020,01/09/2021,OOOLALA,26500,BOURG LES VALENCE,SARL,"44,96510942","4,894116364"
2020-2021,M PTO 2A,23/11/2020,30/09/2021,LA POSTE CENTRE FINANCIER,34000,MONTPELLIER,SA CA,"43,61344091","3,868516579"
2020-2021,M PTO 2A,01/09/2020,30/09/2021,CEA CADARACHE,13115,ST PAUL LES DURANCE,EPIC,"43,6854814","5,753725588"
2020-2021,M PTO 2A,17/08/2020,30/09/2021,EURHEKA,34500,BEZIERS,SARL,"43,34758833","3,230767542"
2020-2021,M TSV 2A,01/11/2020,31/10/2021,COLLECTIF MALUNÉS FR,79000,NIORT,ASSOCIATION,"46,29242468","-0,5136937931"
2021-2022,DUT SAP 2A,01/09/2021,31/08/2022,CENTRE COMMUNAL D'ACTION SOCIALE,66750,ST CYPRIEN,,"42,62202803","3,016220143"
2021-2022,M GIMD 1A EAD,18/10/2021,22/09/2023,ECOLE NATIONALE DE LA MAGISTRATURE,33000,BORDEAUX,Etablissement Public National à caractère administratif,"44,85724454","-0,5736967812"
2021-2022,M GRH SAC 2A,01/09/2020,23/09/2022,AUGEFI,34300,AGDE,SAS,"43,30912912","3,484479031"
2021-2022,M CNO 2A,04/10/2021,30/09/2022,FRESH AFRIKA BY KAYNO,93400,ST OUEN SUR SEINE,SAS,"48,90980658","2,332570422"
2021-2022,M ESEEC 1A,02/09/2021,23/09/2023,SNCF RESEAU,34070,MONTPELLIER,SA,"43,61344091","3,868516579"
2021-2022,M ESEEC 2A,01/09/2021,31/08/2022,SETE AGGLOPOLE MEDITERRANEE,34110,FRONTIGNAN,Administration d'Etat,"43,44824589","3,749235224"
2021-2022,M MIASHS 2A,19/10/2020,31/08/2022,CONSEIL DEPARTEMENTAL DE L'HERAULT,34070,MONTPELLIER,Collectivité Territoriale,"43,61344091","3,868516579"
2021-2022,M GIMD 1A EAD,01/10/2021,30/09/2023,CENTRE DEPARTEMENTAL DE GESTION DE LA,33300,BORDEAUX,Administration Publique Générale,"44,85724454","-0,5736967812"
2021-2022,LG3 AES DS,01/11/2021,30/06/2022,CENTRE INTERCOMMUNAL D ACTION SOCIALE,11000,CARCASSONNE,,"43,21409862","2,407732717"
2021-2022,M MAVINUM 2 EAD,01/10/2021,30/09/2022,ORANO MINING,92320,CHATILLON,SA,"48,80340918","2,287991319"
2021-2022,M MIASHS 2A,31/08/2020,31/08/2022,BALEA,34270,SAINT MATHIEU DE TREVIERS,SAS,"43,76409293","3,79487939"
2021-2022,M MISRH 2A,20/09/2021,23/09/2022,PEOPLESPHERES,34000,MONTPELLIER,SAS,"43,61344091","3,868516579"
2021-2022,M GRH SOI 2A,09/08/2021,24/09/2022,MEDIS EXPERT SUD,34070,MONTPELLIER,SARL,"43,61344091","3,868516579"
2021-2022,M COP 2A,04/10/2021,30/09/2022,J&G CONSEIL,94160,ST MANDE,SARL,"48,84244024","2,419219109"
2020-2022,M COP 2A,01/10/2020,05/09/2022,GROUPE PRÉSIDENT ELECTRONICS,34543,BALARUC LES BAINS,SA,#N/A,#N/A
2021-2022,M PTO 2A,25/10/2021,24/10/2022,SWITCH RH,82000,MONTAUBAN,SARL,"44,02225946","1,364086365"
2021-2022,M MIASHS 1A,30/08/2021,30/09/2023,AIRBUS OPERATIONS,44550,MONTOIR DE BRETAGNE, ,"47,32323685","-2,146736604"
2021-2022,M COMPAC 1A,01/09/2021,15/09/2023,DDTM 34 HERAULT,34070,MONTPELLIER,Administration d'Etat,"43,61344091","3,868516579"
2021-2022,M MISRH 2A,15/09/2021,13/03/2022,,,,,#N/A,#N/A
2021-2022,M MISRH 2A,20/09/2021,23/09/2022,L AGENCE REGIONALE,34470,PEROLS,Groupement d'intérêt économique,"43,56066427","3,951757085"
2021-2022,M IDS PIDT 1A,08/11/2021,07/11/2023,MAISON JEUNES CULTURE MAUGUIO CARNON,34130,MAUGUIO,ASSOCIATION,"43,61843365","4,063979436"
2021-2022,M CAMD 2A,09/09/2021,16/09/2022,OCCITANIE FILMS,34070,MONTPELLIER,ASSOCIATION,"43,61344091","3,868516579"
2021-2022,M GRH SAC 2A,01/09/2020,23/09/2022,ORANO DS DO CEA,30200,BAGNOLS SUR CEZE,SA,"44,16224967","4,624773809"
2021-2022,LP IS APS,29/10/2021,26/08/2022,O2 MONTPELLIER EST,72100,LE MANS,SARL,"47,98852567","0,2000304935"
2021-2022,M PTO 2A,01/09/2021,23/09/2022,AB ORIENTATION ET PERSPECTIVES,34000,MONTPELLIER,SARL,"43,61344091","3,868516579"
2021-2022,M ESSACAP 2A,01/10/2021,30/09/2022,ASSOCIATION POUR LA MEDIATION ET L'AID,30900,NIMES,ASSOCIATION,"43,84493839","4,34806797"
2021-2022,M GIMD 1A EAD,06/09/2021,22/09/2023,VEYRON-PERRIN GENEALOGISTES,30210,REMOULINS,SAS,"43,981574","4,490833373"
2021-2022,M GRH SOI 1A,02/08/2021,24/09/2023,SNCF VOYAGEURS,34070,MONTPELLIER,SA,"43,61344091","3,868516579"
2021-2022,M MIASHS 1A,30/08/2021,15/09/2023,GROUPAMA SUPPORTS ET SERVICES,34170,CASTELNAU LE LEZ,Groupement d'intérêt économique,"43,63802188","3,91265416"
2021-2022,M COP 2A,01/08/2021,06/09/2022,CONSEILS EN DEVELOPPEMENT,34500,BEZIERS,SAS à Associé Unique,"43,34758833","3,230767542"
2021-2022,M MISRH 2A,14/09/2020,30/09/2022,EDF-CNPE CRUAS-MEYSSE,7350,CRUAS,SA,"44,65664209","4,756588244"
2021-2022,M MIASHS 1A,30/08/2021,29/09/2023,AIRBUS HELICOPTERS MARIGNANE,13700,MARIGNANE,SAS,"43,41720684","5,212219045"
2021-2022,M CNO 1A,01/12/2021,11/09/2023,GROUPEMENT D EMPLOYEURS PROFESSION SPO,34070,MONTPELLIER,Groupement d'employeurs,"43,61344091","3,868516579"
2021-2022,M CAMD 2A,01/09/2021,16/09/2022,JAZZ A PORQUEROLLES,83400,HYERES,,"43,10187135","6,188985085"
2021-2022,M MIASHS 1A,30/08/2021,02/09/2023,AIR LIQUIDE ADVANCED TECHNOLOGIES,38360,SASSENAGE,SAS,"45,1930404","5,609397728"
2021-2022,M GE 2A,06/09/2021,30/09/2022,GROUPE Y AUDIT,79000,NIORT,SAS,"46,29242468","-0,5136937931"
2021-2022,LP IS APS,25/10/2021,30/08/2022,ASSOCIATION LOCALE ADMR DE CHARLY-VERN,69390,VERNAISON,ASSOCIATION,"45,65080302","4,789795723"
2021-2022,M MISRH 1A,01/07/2021,22/09/2023,LITTORAL NETTOYAGE,34200,SETE,SARL,"43,39177058","3,647051483"
2021-2022,M MAVINUM 2A,02/11/2021,23/09/2022,AGENCE URBANISME AGGLO MARSEILLAISE,13001,MARSEILLE 01,ASSOCIATION,"43,29990094","5,382278698"
2021-2022,M MAVINUM 2A,01/10/2021,30/09/2022,UNIVERSITE TOULOUSE III - PAUL SABATIE,31400,TOULOUSE,Etablissement Public National à caractère administratif,"43,59638143","1,431672934"
2021-2022,M MAVINUM 2 EAD,13/09/2021,23/09/2022,ECOLE SUPERIEUR DE PRAXIS SOCIAL DE MU,68200,MULHOUSE,ASSOCIATION,"47,7491633","7,325700475"
2021-2022,M PTO 2A,18/10/2021,30/09/2022,AFPA ACCES A L' EMPLOI,33200,BORDEAUX,SASU,"44,85724454","-0,5736967812"
2021-2022,M HUMANUM 2A EAD,13/09/2021,30/09/2022,ARIANE GROUP,33185,LE HAILLAN, ,"44,86908379","-0,6844435121"
2021-2022,M IDS PIDT 2A,29/11/2021,23/11/2022,MOUVEMENT FRANCAIS PLANNING FAMILIAL,34070,MONTPELLIER,ASSOCIATION,"43,61344091","3,868516579"
2021-2022,M IDS PIDT 1A,06/09/2021,22/09/2023,ASS DEP ADMINIST GESTION ETS SPECIALIS,34500,BEZIERS,ASSOCIATION,"43,34758833","3,230767542"
2021-2022,M GIMD 1A EAD,27/09/2021,22/09/2023,COMMUNE D AUBAGNE,13400,AUBAGNE,Fonction publique territoriale,"43,29348438","5,563312735"
2021-2022,M GE 2A,06/09/2021,30/09/2022,EPCC PONT DU GARD,30210,VERS PONT DU GARD,EPIC,"43,981574","4,490833373"
2021-2022,LG3 AES DS,01/11/2021,30/06/2022,SOLI'NIORT,79000,NIORT,ASSOCIATION,"46,29242468","-0,5136937931"
2020-2022,M COP 2A,03/12/2020,05/09/2022,SCHNEIDER ELECTRIC INDUSTRIES,38100,GRENOBLE CEDEX 9,SAS,"45,18212152","5,721330518"
2020-2022,M CNO 2A,16/11/2020,05/09/2022,BITWIPCONSEIL,97300,CAYENNE,SAS,"5,021737428","-52,50125111"
2021-2022,DUT SAP 2A,09/08/2021,26/06/2022,DELAUYAL,11100,NARBONNE,SARL,"43,11764167","2,97718129"
2022-2022,M ESSACAP 1A,04/01/2022,23/09/2023,ASS ECHANGE NORD-SUD,33110,LE BOUSCAT,ASSOCIATION,"44,86612983","-0,6021215586"
2021-2022,M MIASHS 1A,01/09/2021,01/09/2023,CAISSE REGIONALE DU CREDIT AGRICOLE DU,34970,LATTES,SA,"43,56385941","3,902262229"
2021-2022,M GIMD 2A EAD,13/12/2021,09/09/2022,ENSAM,34070,MONTPELLIER,Etablissement public,"43,61344091","3,868516579"
2021-2022,M GE 2A,13/09/2021,13/09/2022,BIG IMPACTS,33000,BORDEAUX,ASSOCIATION,"44,85724454","-0,5736967812"
2021-2022,M IDS PIDT 2A,06/09/2021,23/09/2022,VIVRE ENSEMBLE CITOYEN QUARTIER CEVENN,34080,MONTPELLIER,ASSOCIATION,"43,61344091","3,868516579"
2020-2022,M MIASHS 2A,01/09/2020,31/08/2022,SIM AND CURE,34090,MONTPELLIER,SA,"43,61344091","3,868516579"
2020-2022,M COP 2A,14/09/2020,09/09/2022,SNCF VOYAGEURS,34070,MONTPELLIER,SA,"43,61344091","3,868516579"
2021-2022,M GE 2A,06/09/2021,09/09/2022,OFFICE NATIONAL DES FORETS,13090,AIX EN PROVENCE,EPIC,"43,53607084","5,398574446"
2021-2022,M GRH SAC 2A,14/09/2020,30/09/2022,UNAPEI 34,34090,MONTPELLIER,ASSOCIATION,"43,61344091","3,868516579"
2021-2022,M MIASHS 2A,01/09/2020,31/08/2022,AIRBUS HELICOPTERS MARIGNANE,13700,MARIGNANE,SAS,"43,41720684","5,212219045"
2021-2022,M IDS PIDT 2A,14/09/2020,24/09/2022,UNAPEI 34,34090,MONTPELLIER,ASSOCIATION,"43,61344091","3,868516579"
2021-2022,M IDS PIDT 1A,01/09/2021,23/09/2023,ISSUE,34070,MONTPELLIER,ASSOCIATION,"43,61344091","3,868516579"
2021-2022,M GIMD 1A EAD,01/09/2021,22/09/2023,DGDDI - GARDE COTES DOUANE,76620,LE HAVRE,Administration d'Etat,"49,4984525","0,1401537192"
2021-2022,M GRH SAC 2A,14/09/2020,23/09/2022,ORANO NC TRICASTIN,26701,PIERRELATTE,SA,#N/A,#N/A
2021-2022,M CNO 1A,29/11/2021,30/09/2023,GOKATA18,66140,CANET EN ROUSSILLON,SAS,"42,6841288","3,011617448"
2021-2022,M CAMP 2A,01/10/2021,30/09/2022,MAGNA VOX,21000,DIJON,ASSOCIATION,"47,3229438","5,037888059"
2021-2022,M MIASHS 2A,07/09/2020,31/08/2022,CDC HABITAT,34070,MONTPELLIER,Société d'économie mixte,"43,61344091","3,868516579"
2021-2022,M CAMD 2A,17/09/2021,16/09/2022,L'YRE CINEMA,11370,LEUCATE,,"42,89936507","3,026760386"
2021-2022,M HUMANUM 1A EAD,01/10/2021,30/09/2023,PIDAPI,34830,CLAPIERS,ASSOCIATION,"43,66201923","3,886897482"
2021-2022,M COMPAC 2A,07/12/2020,05/09/2022,SCOPIE,34110,FRONTIGNAN,ASSOCIATION,"43,44824589","3,749235224"
2021-2022,M MIASHS 1A,23/08/2021,01/09/2023,TZAV DESIGN,84000,AVIGNON,SARL,"43,93524483","4,840715725"
2021-2022,M HUMANUM 2A EAD,05/10/2020,30/09/2022,LA POSTE,75015,PARIS 15,SA,"48,84015542","2,293559372"
2021-2022,M COMPAC 2A,04/10/2021,06/09/2022,COMMUNE DE LE GRAU DU ROI,30240,LE GRAU DU ROI,Administration d'Etat,"43,50728109","4,166229487"
2021-2022,M MISRH 2A,13/09/2021,23/09/2022,ASICS FRANCE,34970,LATTES,SAS,"43,56385941","3,902262229"
2021-2022,M COP 2A,01/09/2021,30/09/2022,ENEDIS,34070,MONTPELLIER,Entreprise à responsabilité limitée,"43,61344091","3,868516579"
2021-2022,M MISRH 2A,05/10/2020,24/09/2022,PAY JOB,75008,PARIS,SARL,"48,87252727","2,31258256"
2021-2022,M CAMD 2A,01/10/2021,16/09/2022,OCCITANIE FILMS,34070,MONTPELLIER,ASSOCIATION,"43,61344091","3,868516579"
2021-2022,DUT SAP 2A,01/09/2021,31/08/2022,ADMR CASTRIES,34160,CASTRIES,ASSOCIATION,"43,72989844","4,02118901"
2021-2022,M COMPAC 1A,01/09/2021,11/09/2023,STAND'ART,34430,ST JEAN DE VEDAS,ASSOCIATION,"43,57162823","3,83221848"
2021-2022,M IDS PIDT 2A,23/09/2020,30/09/2022,ESL,48000,MENDE,Entreprise à responsabilité limitée,"44,53990342","3,554042836"
2021-2022,M GE 2A,01/09/2021,15/09/2022,OFFICE NATIONAL DES FORETS,34000,MONTPELLIER,EPIC,"43,61344091","3,868516579"
2021-2022,M ESSACAP 2A,23/08/2021,23/09/2022,COMPOSTONS,34090,MONTPELLIER,ASSOCIATION,"43,61344091","3,868516579"
2021-2022,M COMPAC 1A,22/11/2021,11/09/2023,APF FRANCE HANDICAP,30900,NIMES,ASSOCIATION,"43,84493839","4,34806797"
2021-2022,M GIMD 1A EAD,18/10/2021,31/10/2023,BUREAU VERITAS EXPLOITATION,92800,PUTEAUX,SAS,"48,8837095","2,238341783"
2021-2022,M MAVINUM 1A,01/10/2021,30/09/2023,UNIVERSITE PAUL VALERY MONTPELLIER 3,34199,MONTPELLIER CEDEX 5,Administration d'Etat,"43,46299017","3,416516521"
2021-2022,M MIASHS 1A,03/01/2022,30/09/2023,PREMIDIRECT,54840,GONDREVILLE,SAS,"48,7076893","5,991121884"
2021-2022,M EPSIN 2A,01/10/2021,30/09/2022,REGAINS,30900,NIMES,ASSOCIATION,"43,84493839","4,34806797"
2021-2022,M GRH SAC 1A,06/09/2021,23/09/2023,SNCF RESEAU,34070,MONTPELLIER,SA,"43,61344091","3,868516579"
2021-2022,LP IS APS,25/10/2021,02/09/2022,MAISON DE RETRAITE LES GARDIOLES,34980,COMBAILLAUX,Etablissement d'hospitalisation,"43,6724651","3,779494325"
2021-2022,M MAVINUM 1A,20/09/2021,22/09/2023,STAFF&GO,68100,MULHOUSE,SAS,"47,7491633","7,325700475"
2021-2022,M MISRH 2A,26/07/2021,23/09/2022,LA POSTE DSI BSCC,34070,MONTPELLIER,SA CA,"43,61344091","3,868516579"
2021-2022,M GIMD 1A EAD,05/10/2021,30/09/2023,MAYENNE COMMUNAUTE,53100,MAYENNE,Collectivité Territoriale,"48,3355648","-0,7582536222"
2021-2022,M GRH SAC 1A,06/09/2021,23/09/2023,SECRETARIAT GENERAL COMMUN DEPARTEMENT,7000,FLAVIAC,Administration d'Etat,"44,75505739","4,485653708"
2021-2022,M CAMD 2A,01/09/2021,12/12/2022,SEMITA ART,84190,BEAUMES DE VENISE,SARL,"44,12338569","5,028755898"
2021-2022,M MIASHS 2A,07/09/2020,30/09/2022,NETIWAN,34500,BEZIERS,SAS,"43,34758833","3,230767542"
2021-2022,M GIMD 1A EAD,01/09/2021,23/09/2023,ENSAM,34070,MONTPELLIER,Etablissement public,"43,61344091","3,868516579"
2021-2022,M DDT 2A,05/10/2020,08/09/2022,DEPARTEMENT DU TARN,81013,ALBI CEDEX 9,Fonction publique territoriale,"44,00853652","2,302566379"
2021-2022,M GRH SAC 2A,01/09/2020,30/09/2022,SUD SERVICE,34171,CASTELNAU LE LEZ CEDEX,SAS,"43,91924221","3,80187206"
2021-2022,M CAMD 2A,02/11/2021,31/10/2022,LE FESTIVAL,34300,AGDE,SARL,"43,30912912","3,484479031"
2021-2022,M CAMD 2A,06/09/2021,16/09/2022,LA GRANDE DISTRIBUTION,75019,PARIS 19,SARL,"48,88686862","2,384694328"
2021-2022,M DDT 2A,25/10/2021,21/10/2022,COMITE REGIONAL DU TOURISME ET DES LOI,34000,MONTPELLIER,ASSOCIATION,"43,61344091","3,868516579"
2021-2022,M CNO 2A,07/09/2020,06/09/2022,DEPARTEMENT DE L'AUDE,11000,CARCASSONNE,Collectivité Territoriale,"43,21409862","2,407732717"
2021-2022,M GRH SAC 2A,11/10/2021,23/09/2022,ADMR LE CRES,34920,LE CRES,ASSOCIATION,"43,65409787","3,936088512"
2021-2022,M COP 1A,20/09/2021,11/09/2023,MPG IMMOBILIER,47300,VILLENEUVE SUR LOT,SAS,"44,41011012","0,6697515678"
2021-2022,M IDS PIDT 2A,14/09/2020,30/09/2022,LIGUE DE L'ENSEIGNEMENT - F VAUCLUSE,84000,AVIGNON,ASSOCIATION,"43,93524483","4,840715725"
2021-2022,M PTO 2A,13/09/2021,23/09/2022,PLASTIC OMNIUM GESTION,92300,LEVALLOIS PERRET,SNC,"48,89507167","2,286882681"
2021-2022,M MISRH 2A,12/11/2020,30/09/2022,SAUR,30900,NIMES,,"43,84493839","4,34806797"
2021-2022,M CNO 2A,04/10/2020,03/10/2022,L'ARTISAN CHOCOLATIER,81000,ALBI,SARL,"43,92582136","2,146863286"
2021-2022,M GIMD 2A EAD,14/10/2020,15/09/2022,CEA DE MARCOULE,30200,BAGNOLS SUR CEZE,EPIC,"44,16224967","4,624773809"
2021-2022,M CNO 2A,19/10/2020,05/09/2022,MIDIMEDIA,34430,SAINT JEAN DE VEDAS,SNC,"43,57162823","3,83221848"
2021-2022,LP IS APS,01/09/2021,28/08/2022,ADMR DU MEJEAN,34470,PEROLS,ASSOCIATION,"43,56066427","3,951757085"
2021-2022,M ESSACAP 1A,20/09/2021,30/09/2022,TOULOUSE METROPOLE,31000,TOULOUSE,Administration d'Etat,"43,59638143","1,431672934"
2021-2022,M MIASHS 2A,11/10/2021,08/09/2022,SCHNEIDER ELECTRIC INDUSTRIES SAS,92500,RUEIL MALMAISON,SAS,"48,86918974","2,177340632"
2021-2022,M MIASHS 1A,30/08/2021,01/09/2023,Caisse d'Epargne LR,34000,MONTPELLIER,,"43,61344091","3,868516579"
2021-2022,M ESSACAP 2A,02/08/2021,15/12/2022,LES FRANCAS DE L'HERAULT,34070,MONTPELLIER,ASSOCIATION,"43,61344091","3,868516579"
2021-2022,M COP 2A,03/02/2021,05/09/2022,JOKAT PANDORA,34090,MONTPELLIER,SARL,"43,61344091","3,868516579"
2021-2022,M GRH SOI 1A,06/09/2021,24/09/2023,LIDL,,,,#N/A,#N/A
2021-2022,DUT SAP 2A,01/10/2020,16/06/2022,ADMR PAY HERAULTAIS,34080,MONTPELLIER,ASSOCIATION,"43,61344091","3,868516579"
2021-2022,M COP 2A,12/07/2021,06/09/2022,SARL GL IMPRESSIONS,84320,ENTRAIGUES SUR LA SORGUE,SARL,"43,99501734","4,932953872"
2021-2022,M ESSACAP 2A,11/10/2021,23/09/2022,CDC HABITAT SOCIAL SOCIETE ANONYME D'H,33520,BRUGES,Groupement d'intérêt économique,"44,88894694","-0,6004276643"
2021-2022,M MISRH 2A,06/09/2021,23/09/2022,EGIS STRUCTURES ET ENVIRONNEMENT,78280,GUYANCOURT,SAS,"48,77307839","2,076052077"
2021-2022,M CAMP 2A,21/10/2021,30/09/2022,LES FEES SPECIALES,34070,MONTPELLIER,SARL,"43,61344091","3,868516579"
2021-2022,M GRH SOI 1A,01/09/2021,23/09/2023,SAUR,30900,NIMES,,"43,84493839","4,34806797"
2021-2022,M COMPAC 2A,01/09/2021,30/09/2022,PREFECTURE DE L'AUDE,11000,CARCASSONNE,Administration Publique Générale,"43,21409862","2,407732717"
2021-2022,M COP 1A,01/09/2021,31/08/2023,UNIVERSITÉ DE MONTPELLIER,34070,MONTPELLIER,Etablissement public,"43,61344091","3,868516579"
2021-2022,M ESSACAP 1A,25/10/2021,23/09/2023,ARTICLE 1,75004,PARIS 04,ASSOCIATION,"48,85422828","2,357361938"
2021-2022,M HUMANUM 1A EAD,30/09/2021,30/09/2023,SUPERGRID INSTITUTE,69100,VILLEURBANNE,SAS,"45,77077042","4,888458174"
2021-2022,M MISRH 2A,04/09/2020,16/09/2022,LES COURRIERS DU MIDI,34090,MONTPELLIER,SAS,"43,61344091","3,868516579"
2021-2022,M MIASHS 1A,18/10/2021,01/09/2023,AIR FRANCE,93290,TREMBLAY EN FRANCE,SA CA,"48,97843041","2,554685015"
2021-2022,M ESEEC 2A,01/10/2021,30/09/2022,VSB ENERGIES NOUVELLES,30900,NIMES,SARL,"43,84493839","4,34806797"
2021-2022,M CNO 2A,01/09/2020,31/08/2022,PREFECTURE DE L'HERAULT,34070,MONTPELLIER,Administration d'Etat,"43,61344091","3,868516579"
2021-2022,M ESSACAP 1A,13/09/2021,23/09/2023,CHAMBRE REGIONALE DE L'ECONOMIE SOCIAL,59000,LILLE,ASSOCIATION,"50,63171832","3,047832723"
2021-2022,M GRH SAC 2A,16/09/2021,30/09/2022,SARL 2 AMB,30110,LA GRAND COMBE,SARL,"44,22859324","3,974647477"
2021-2022,M GRH SAC 2A,04/10/2021,23/09/2022,SAS RECHERCHES ET HORIZONS,34000,MONTPELLIER,SAS à Associé Unique,"43,61344091","3,868516579"
2021-2022,M ESSACAP 2A,11/10/2021,10/10/2022,MOUVEMENT FRANCAIS PLANNING FAMILIAL,34070,MONTPELLIER,ASSOCIATION,"43,61344091","3,868516579"
2021-2022,M COMPAC 2A,06/10/2020,05/10/2022,MAIRIE BREC'H,56400,BRECH,Commune et Commune Nouvelle,"47,66770574","-2,990411122"
2021-2022,M CNO 2A,01/02/2021,05/09/2022,PAHASKA,34830,JACOU,ASSOCIATION,"43,66201923","3,886897482"
2021-2022,M DDT 2A,01/10/2021,30/09/2022,Office français de la biodiversité,,,,#N/A,#N/A
2021-2022,M IDS PIDT 2A,01/10/2020,30/09/2022,CONSEIL DEPARTEMENTAL DE L'HERAULT,34070,MONTPELLIER,Collectivité Territoriale,"43,61344091","3,868516579"
2021-2022,M COP 2A,01/09/2021,06/09/2022,MADAME STEPHANIE LECLAIRE,34070,MONTPELLIER,Entreprise à responsabilité limitée,"43,61344091","3,868516579"
2021-2022,M MIASHS 1A,30/08/2021,01/09/2023,SANOFI AVENTIS RECHERCHE DEVELOPPEMENT,34070,MONTPELLIER,SA,"43,61344091","3,868516579"
2021-2022,M GRH SOI 2A,08/11/2021,30/09/2022,GC COEUR D'HERAULT,34800,CLERMONT L HERAULT,SARL,"43,56722331","3,448161194"
2021-2022,M MIASHS 1A,30/08/2021,01/09/2023,MINISTERE DE L'INTERIEUR,75008,PARIS 08,Administration d'Etat,"48,87252727","2,31258256"
2021-2022,M ESSACAP 2A,03/01/2022,23/09/2022,ESPACE RENAISSANCE,34000,MONTPELLIER,,"43,61344091","3,868516579"
2021-2022,M MIASHS 2A,26/10/2020,31/08/2022,CDC HABITAT,34070,MONTPELLIER,Société d'économie mixte,"43,61344091","3,868516579"
2021-2022,M MIASHS 1A,27/09/2021,02/09/2023,SNCF VOYAGEURS,34070,MONTPELLIER,SA,"43,61344091","3,868516579"
2021-2022,M HUMANUM 2A EAD,19/10/2020,30/09/2022,EARLY MAKERS GROUP,75012,PARIS 12,SA,"48,83515623","2,419807035"
2021-2022,M MIASHS 1A,17/01/2022,31/10/2023,NEOMARCHE,13400,AUBAGNE,SAS,"43,29348438","5,563312735"
2021-2022,LP ANIMATION,01/10/2021,30/09/2022,CONSEIL DEPARTEMENTAL DE L'HERAULT,34070,MONTPELLIER,Collectivité Territoriale,"43,61344091","3,868516579"
2021-2022,M MISRH 2A,21/09/2021,23/09/2022,AOSIS CONSULTING,31300,TOULOUSE,SARL,"43,59638143","1,431672934"
2021-2022,M GE 2A,04/10/2021,20/09/2022,COMMUNE DE PALAVAS LES FLOTS,34250,PALAVAS LES FLOTS,Commune et Commune Nouvelle,"43,53353646","3,926208396"
2021-2022,M GIMD 1A EAD,18/10/2021,22/09/2023,EDF CNPE DE BELLEVILLE SUR LOIRE,18240,LERE,SA,"47,50178525","2,846196596"
2021-2022,M EC EG EAD 2A,01/11/2021,31/10/2022,COLLECTIF MALUNÉS FR,79000,NIORT,ASSOCIATION,"46,29242468","-0,5136937931"
2021-2022,M COP 2A,09/11/2020,09/11/2022,CAMILLE BONNEVIAL PLUTON,38470,COGNIN LES GORGES,Entreprise à responsabilité limitée,"45,21893063","5,458357841"
2021-2022,M MISRH 1A,10/01/2022,23/09/2023,EMINAD,22600,LOUDEAC,SARL,"48,15715434","-2,849853114"
2021-2022,M PTO 2A,01/11/2021,23/09/2022,OBSERVATOIRE AMAROK,34880,LAVERUNE,ASSOCIATION,"43,58480998","3,8016895"
2021-2022,M ESSACAP 1A,01/10/2021,30/09/2023,CTRE COMMUNAL D'ACTION SOCIALE,30600,VAUVERT,Collectivité Territoriale,"43,62584685","4,305970933"
2021-2022,M CNO 2A,01/10/2020,30/09/2022,TECHNILUM,34500,BEZIERS,SAS,"43,34758833","3,230767542"
2021-2022,M CAMD 2A,12/11/2021,16/09/2022,ACCILR,30900,NIMES,ASSOCIATION,"43,84493839","4,34806797"
2021-2022,M MIASHS 2A,02/11/2021,02/09/2022,HAWK,75013,PARIS 13,SAS,"48,82871768","2,362468229"
2021-2022,M COMPAC 1A,01/09/2021,11/09/2023,I2ML,30900,NIMES,ASSOCIATION,"43,84493839","4,34806797"
2021-2022,M COMPAC 2A,13/09/2021,31/10/2022,CPIE RHONE PAYS D ARLES,13104,ARLES,ASSOCIATION,"43,54686924","4,662156426"
2021-2022,M MISRH 2A,01/09/2020,23/09/2022,LA COMPAGNIE DES DESSERTS,11200,LEZIGNAN CORBIERES,SAS,"43,24583407","2,770623578"
2021-2022,M COMPAC 1A,01/09/2021,11/09/2023,PREFECTURE DES PYRENEES ORIENTALES,66100,PERPIGNAN,Administration d'Etat,"42,69659541","2,89936954"
2021-2022,M GIMD 1A EAD,10/09/2021,30/09/2023,MAIRIE DE TOULON,83000,TOULON,Administration Publique Générale,"43,13615897","5,932396342"
2021-2022,M CAMD 2A,12/11/2021,04/11/2022,SFMD,13200,ARLES,SAS,"43,54686924","4,662156426"
2021-2022,M CNO 1A,01/09/2021,11/09/2023,MERKUTIO,75012,PARIS 12,SARL,"48,83515623","2,419807035"
2021-2022,M IDS PIDT 1A,01/10/2021,22/09/2023,LE GAMELAB,34200,SETE,SARL,"43,39177058","3,647051483"
2021-2022,LP DGDIN EAD,01/09/2021,29/07/2022,OCCITANIE LIVRE & LECTURE,31000,TOULOUSE,ASSOCIATION,"43,59638143","1,431672934"
2021-2022,LP ANIMATION,01/09/2021,31/08/2022,COMMUNE D AUBIGNAN,84810,AUBIGNAN,Commune et Commune Nouvelle,"44,09773806","5,031656767"
2021-2022,M DDT 1A,01/09/2021,31/08/2023,LE GRAND NARBONNE COMM D AGGLOMERATION,11100,NARBONNE,Administration d'Etat,"43,11764167","2,97718129"
2021-2022,M ESEEC 1A,01/09/2021,30/09/2023,CONSEIL DEPARTEMENTAL DE L'HERAULT,34070,MONTPELLIER,Collectivité Territoriale,"43,61344091","3,868516579"
2021-2022,M CNO 2A,02/11/2020,30/09/2022,APELEM,,GAILLARGUES LE MONTUEUX,SAS,#N/A,#N/A
2021-2022,M GIMD 2A EAD,18/10/2021,30/11/2022,TOULOUSE BUSINESS SCHOOL,31130,QUINT FONSEGRIVES,,"43,61152587","1,504591383"
2021-2022,M MIASHS 2A,31/08/2020,01/09/2022,TOPNIR SYSTEMS,13857,AIX EN PROVENCE CEDEX 3,SAS,#N/A,#N/A
2021-2022,M COP 1A,06/12/2021,11/09/2023,JOB ME,34280,LA GRANDE MOTTE,SAS,"43,59282795","4,004256933"
2021-2022,M IDS PIDT 2A,04/10/2021,30/09/2022,INSTITUT MEDITERRANEEN D'ETUDE D'INGEN,34080,MONTPELLIER,ASSOCIATION,"43,61344091","3,868516579"
2021-2022,M MISRH 2A,03/01/2022,30/09/2022,EHPAD LES TILLEULS,7560,MONTPEZAT SOUS BAUZON,Collectivité Territoriale,"44,71674718","4,196497066"
2021-2022,LP IS APS,01/10/2021,31/08/2022,OHUMAINAJA,38160,ST MARCELLIN,SAS,"45,11734196","5,350076515"
2021-2022,M MIASHS 2A,25/09/2020,02/09/2022,LYTN,34060,MONTPELLIER,SAS,"43,79331841","3,629228032"
2021-2022,M MISRH 2A,01/09/2020,17/09/2022,PAY JOB,75008,PARIS,SARL,"48,87252727","2,31258256"
2021-2022,M MIASHS 1A,01/09/2021,01/09/2023,ONAOS,,,SAS,#N/A,#N/A
2021-2022,M GE 2A,27/09/2021,26/09/2022,ASS DEP AMENA STRUC EXPL AGRIC HERAULT,34970,LATTES,ASSOCIATION,"43,56385941","3,902262229"
2021-2022,M HUMANUM 2A EAD,01/07/2021,30/09/2022,CANAL + INTERNATIONAL,92100,BOULOGNE BILLANCOURT,SAS,"48,83658431","2,239135991"
2021-2022,M MIASHS 2A,31/08/2020,30/09/2022,DAMMANN PRESTATIONS INFORMATIQUES,30310,VERGEZE,SASU,"43,73753604","4,233609905"
2021-2022,M GE 2A,10/09/2021,09/09/2022,UNIVERSITE PAUL VALERY MONTPELLIER 3,34199,MONTPELLIER CEDEX 5,Administration d'Etat,"43,46299017","3,416516521"
2021-2022,M IDS PIDT 1A,05/10/2021,04/10/2023,ASSOCIATION TERRE CONTACT,34150,GIGNAC,ASSOCIATION,"43,68350114","3,592594376"
2021-2022,DUT SAP 2A,30/08/2021,30/08/2022,DOMITIA SERVICES,11100,NARBONNE,SAS,"43,11764167","2,97718129"
2021-2022,M MIASHS 2A,03/09/2021,02/09/2022,ORANGE,94110,ARCUEIL,SA,"48,80588036","2,33351025"
2021-2022,M IDS PIDT 2A,01/10/2021,30/09/2022,FLE LE BOUQUET DES GARRIGUES,34110,FRONTIGNAN,ASSOCIATION,"43,44824589","3,749235224"
2021-2022,M GRH SAC 2A,08/11/2021,23/09/2022,ORCA SERVICES,66100,PERPIGNAN,SAS,"42,69659541","2,89936954"
2021-2022,M MIASHS 2A,04/01/2021,31/08/2022,AIRBUS OPERATIONS SAS TOULOUSE,31000,TOULOUSE,SASU,"43,59638143","1,431672934"
2021-2022,M HUMANUM 2A EAD,05/10/2020,30/09/2022,FRANCE EDUCATION INTERNATIONAL,92310,SEVRES,Administration d'Etat,"48,82147651","2,210522974"
2021-2022,M CNO 1A,13/09/2021,16/09/2023,MAIRIE DE TEYRAN,34820,TEYRAN,Collectivité Territoriale,"43,710413","3,897904901"
2021-2022,M EPSIN 2A,13/09/2021,20/09/2022,UNIVERSITE PAUL VALERY MONTPELLIER 3,34199,MONTPELLIER CEDEX 5,Administration d'Etat,"43,46299017","3,416516521"
2021-2022,LP ANIMATION,15/10/2021,30/09/2022,METROPOLE D'AIX-MARSEILLE-PROVENCE,13400,AUBAGNE,,"43,29348438","5,563312735"
2021-2022,M CNO 1A,01/09/2021,11/09/2023,ESPELIA,75009,PARIS 09,SAS,"48,87689616","2,337460241"
2021-2022,M COMPAC 1A,06/09/2021,11/09/2023,PREFECTURE DU GARD,30900,NIMES,Administration d'Etat,"43,84493839","4,34806797"
2021-2022,M HUMANUM 2A EAD,06/09/2021,30/09/2022,ENTREPRENEURIAT CONSEIL,64500,ST JEAN DE LUZ,SAS,"43,37498925","-1,661337536"
2021-2022,M CNO 1A,02/11/2021,01/11/2023,PHARMACIE DU FORUM,34980,ST GELY DU FESC,SIEGE,"43,6724651","3,779494325"
2021-2022,M CNO 1A,14/02/2022,13/09/2023,LA MELEE,31000,TOULOUSE,ASSOCIATION,"43,59638143","1,431672934"
2021-2022,M MISRH 2A,01/09/2021,30/09/2022,CLINIQUE DU PARC,34170,CASTELNAU LE LEZ,SA,"43,63802188","3,91265416"
2021-2022,LP DGDIN EAD,01/10/2021,30/09/2022,COMMUNE DE PONTIVY,56300,PONTIVY,Collectivité Territoriale,"48,14728185","-2,927875543"
2021-2022,M MISRH 2A,07/09/2021,23/09/2022,OUIHELP,34080,MONTPELLIER,SAS,"43,61344091","3,868516579"
2021-2022,M CNO 2A,01/09/2020,05/09/2022,FONDATION VAN ALLEN,34090,MONTPELLIER,FONDATION,"43,61344091","3,868516579"
2021-2022,M COP 1A,06/09/2021,29/09/2023,EDF CNPE TRICASTIN,26130,ST PAUL TROIS CHATEAUX,SA,"44,37762309","4,806249456"
2021-2022,M COMPAC 2A,28/09/2020,28/09/2022,TROPISME,34070,MONTPELLIER,Société coopérative d'intérêt collectif,"43,61344091","3,868516579"
2021-2022,M IDS PIDT 1A,30/08/2021,23/09/2023,ADAGES,34090,MONTPELLIER,ASSOCIATION,"43,61344091","3,868516579"
2021-2022,M COP 1A,18/10/2021,15/09/2023,CROUS DE MONTPELLIER,34070,MONTPELLIER,Administration d'Etat,"43,61344091","3,868516579"
2021-2022,M CNO 1A,30/08/2021,11/09/2023,PHOTO CINE COMEDIE,34000,MONTPELLIER,SAS,"43,61344091","3,868516579"
2021-2022,M GIMD 2A EAD,06/09/2021,31/08/2022,GROUPE SUP DE CO MONTPELLIER,34080,MONTPELLIER,ASSOCIATION,"43,61344091","3,868516579"
2021-2022,M MISRH 2A,13/09/2021,30/10/2022,GROUPEMENT D EMPLOYEURS PROGRESS,30670,AIGUES VIVES,ASSOCIATION,"43,73455792","4,190794461"
2021-2022,M PTO 2A,01/09/2021,30/09/2022,EMOTIONS,34000,MONTPELLIER,SARL,"43,61344091","3,868516579"
2021-2022,M COP 2A,07/09/2020,09/09/2022,HORMANN FRANCE,89102,SENS,SAS,"47,75442171","3,49168846"
2021-2022,M CNO 1A,01/10/2021,11/09/2023,UNIVERSITÉ DE MONTPELLIER,34070,MONTPELLIER,Etablissement public,"43,61344091","3,868516579"
2021-2022,M MIASHS 2A,06/09/2021,02/09/2022,SANOFI AVENTIS RECHERCHE DEVELOPPEMENT,34070,MONTPELLIER,SA,"43,61344091","3,868516579"
2021-2022,M CNO 1A,11/09/2021,11/09/2023,LA PAGE QUI BOUGE,34270,VALFLAUNES,SAS,"43,76409293","3,79487939"
2021-2022,M GIMD 1A EAD,04/10/2021,23/09/2023,GRAINE OCCITANIE,34000,MONTPELLIER,ASSOCIATION,"43,61344091","3,868516579"
2021-2022,M GRH SAC 2A,01/09/2021,23/09/2022,NIM EXPERT CONSEIL,30900,NIMES,SARL,"43,84493839","4,34806797"
2021-2022,M MIASHS 2A,01/09/2021,02/09/2022,DISRUPTDEAL,,,,#N/A,#N/A
2021-2022,M IDS PIDT 1A,13/09/2021,22/09/2023,AG2R AGIRC-ARRCO,75008,PARIS 08,Groupement d'intérêt économique,"48,87252727","2,31258256"
2021-2022,M HUMANUM 2A EAD,20/12/2021,16/12/2022,RESEAU CANOPE,86360,MONTAMISE,Etablissement Public National à caractère administratif,"46,65186002","0,3617226988"
2021-2022,M CNO 2A,01/09/2021,30/09/2022,MADAME NICOLE HACCART,34570,MURVIEL LES MONTPELLIER,Entreprise à responsabilité limitée,"43,64702786","3,6997028"
2021-2022,M COP 1A,06/09/2021,30/09/2023,FRAMATOME ETS ROMANS SUR ISERE,26100,ROMANS SUR ISERE,SA,"45,0547532","5,03797756"
2021-2022,M CNO 1A,01/09/2021,15/09/2023,DDTM 34 HERAULT,34070,MONTPELLIER,Administration d'Etat,"43,61344091","3,868516579"
2021-2022,M GE 2A,01/09/2021,09/09/2022,ERG DÉVELOPPEMENT FRANCE,75009,PARIS 09,SAS,"48,87689616","2,337460241"
2021-2022,M HUMANUM 2A EAD,02/08/2021,30/09/2022,WEBFORCE 3,75004,PARIS 04,SAS,"48,85422828","2,357361938"
2021-2022,M GIMD 2A EAD,01/10/2021,30/09/2022,MINISTERE DES ARMEES,94300,VINCENNES,Administration d'Etat,"48,8473732","2,437986507"
2021-2022,M ESSACAP 1A,20/09/2021,22/09/2023,INTER MADE,13003,MARSEILLE 03,ASSOCIATION,"43,31212","5,380109814"
2020-2022,M GRH SAC 2A,14/09/2020,23/09/2022,AUGEFI BASSIN DE THAU FRONTIGNAN,34110,FRONTIGNAN,SAS,"43,44824589","3,749235224"
2020-2022,M IDS PIDT 2A,01/10/2020,30/09/2022,CONSEIL DEPARTEMENTAL DE L'HERAULT,34070,MONTPELLIER,Collectivité Territoriale,"43,61344091","3,868516579"
2021-2022,M EPSIN 2A,09/09/2021,20/09/2022,SNCF RESEAU,,,,#N/A,#N/A
2021-2022,M PTO 2A,01/09/2021,23/09/2022,SARL PRAXIS,31000,TOULOUSE,SARL,"43,59638143","1,431672934"
2021-2022,M ESEEC 2A,23/08/2021,23/09/2022,LEROY MERLIN FRANCE,22360,LANGUEUX,SAS,"48,50005228","-2,709722822"
2021-2022,M MIASHS 1A,23/08/2021,29/09/2023,ENEDIS,34070,MONTPELLIER,Entreprise à responsabilité limitée,"43,61344091","3,868516579"
2021-2022,M MAVINUM 2 EAD,01/10/2021,30/09/2022,POLYWEB,34170,CASTELNAU LE LEZ,SAS,"43,63802188","3,91265416"
2020-2022,M MISRH 2A,01/09/2020,23/09/2022,GRID SOLUTIONS,34070,MONTPELLIER,SAS,"43,61344091","3,868516579"
2021-2022,M GRH SAC 2A,04/10/2021,23/09/2022,GROUPEMENT D EMPLOYEURS PROFESSION SPO,34070,MONTPELLIER,Groupement d'employeurs,"43,61344091","3,868516579"
2021-2022,LP DGDIN EAD,13/09/2021,12/09/2022,EPPDCSI - UNIVERSCIENCE,75019,PARIS 19,EPIC,"48,88686862","2,384694328"
2021-2022,M MIASHS 2A,04/01/2021,30/09/2022,CONSEIL DEPARTEMENTAL DE L'HERAULT,34070,MONTPELLIER,Collectivité Territoriale,"43,61344091","3,868516579"
2021-2022,M COMPAC 1A,01/09/2021,11/09/2023,AQUA-VALLEY PÔLE EAU,34070,MONTPELLIER,ASSOCIATION,"43,61344091","3,868516579"
2021-2022,M MIASHS 1A,02/11/2021,30/09/2023,STE D'ENTRETIEN ET DE RESTAURATION DU,84250,LE THOR,SASU,"43,92823983","4,993241234"
2021-2022,M MIASHS 1A,01/09/2021,01/09/2023,INST NATIONAL RECHERCHE AGRONOMIQUE,34070,MONTPELLIER,EPST,"43,61344091","3,868516579"
2021-2022,M GIMD 2A EAD,06/09/2021,23/09/2022,MODELE DEPOSE,66100,PERPIGNAN,SARL,"42,69659541","2,89936954"
2021-2022,M ESEEC 1A,01/09/2021,30/09/2023,GROUPAMA MEDITERRANNEE,34070,MONTPELLIER,Syndicat professionnel,"43,61344091","3,868516579"
2021-2022,M COMPAC 1A,01/09/2021,11/09/2023,CHU DE MONTPELLIER,34070,MONTPELLIER,Administration d'Etat,"43,61344091","3,868516579"
2021-2022,M PTO 2A,01/10/2021,30/09/2022,MICRO-CONTROLE - SPECTRA PHYSICS,45340,BEAUNE LA ROLANDE,SAS,"48,10920996","2,48643135"
2021-2022,M COP 2A,02/09/2021,06/09/2022,PASSEURS-CULTURES/IMAGES PACIM,34080,MONTPELLIER,ASSOCIATION,"43,61344091","3,868516579"
2021-2022,M IDS PIDT 1A,30/08/2021,23/09/2023,CAISSE D ALLOCATIONS FAMILIALES DU GAR,30000,NIMES,Etablissement Public National à caractère administratif,"43,84493839","4,34806797"
2021-2022,LP DGDIN,01/09/2021,31/08/2022,UNIVERSITE PAUL VALERY MONTPELLIER 3,34199,MONTPELLIER CEDEX 5,Administration d'Etat,"43,46299017","3,416516521"
2021-2022,M IDS PIDT 2A,01/11/2021,31/10/2022,VRAC & COCINAS - COOPERATIONS CITOYENN,34080,MONTPELLIER,ASSOCIATION,"43,61344091","3,868516579"
2021-2022,LP ANIMATION,07/09/2021,30/08/2022,ASSOCIATION VIE ET CULTURE,64121,SERRES CASTET,ASSOCIATION,"43,36512747","-0,350467487"
2021-2022,M CNO 1A,01/09/2021,06/09/2022,DIRECTION INTERREGIONALE DES DOUANES O,34000,MONTPELLIER,Administration d'Etat,"43,61344091","3,868516579"
2021-2022,M CAMD 2A,03/09/2021,31/10/2022,GROUP PROGRAMMATION CINEMAS INDEPENDAN,12100,MILLAU,SARL,"44,09647837","2,979619131"
2021-2022,M DDT 2A,13/09/2021,17/09/2022,COTTAGEPARKS MEDITERRANEE,34470,PEROLS,SAS,"43,56066427","3,951757085"
2020-2022,M MISRH 2A,01/09/2020,23/09/2022,SECRÉTARIAT GÉNÉRAL COMMUN DE VAUCLUSE,84000,AVIGNON CEDEX 9,Administration d'Etat,"43,93524483","4,840715725"
2021-2022,M GE 2A,25/10/2021,09/09/2022,"SAVE (SABLE, VAGUE, ENVIRONNEMENT)",34110,FRONTIGNAN,ASSOCIATION,"43,44824589","3,749235224"
2021-2022,M GE 2A,06/09/2021,09/09/2022,PREFECTURE DE L'HERAULT,34070,MONTPELLIER,Administration d'Etat,"43,61344091","3,868516579"
2021-2022,M MIASHS 1A,01/09/2021,01/09/2023,ORANO CE TRICASTIN,26700,PIERRELATTE,SA,"44,39103213","4,749955216"
2021-2022,M MIASHS 1A,09/08/2021,01/09/2023,TZAV DESIGN,84000,AVIGNON,SARL,"43,93524483","4,840715725"
2021-2022,LP DGDIN,01/09/2021,31/08/2022,ECOUTER LE BRUIT,78300,POISSY,Entreprise à responsabilité limitée,"48,92353594","2,027155528"
2021-2022,M CAMD 2A,02/11/2021,16/09/2022,ASS OLYMPIA CINEMA ET SPECTACLE,32600,L ISLE JOURDAIN,ASSOCIATION,"43,55855842","1,073816515"
2020-2022,M GRH SAC 2A,01/09/2020,30/09/2022,RM AUDIT & EXPERTISE,34070,MONTPELLIER,SARL,"43,61344091","3,868516579"
2021-2022,LP ANIMATION,01/07/2021,30/06/2022,LIGUE DE L ENSEIGNEMENT DU GARD,30900,NIMES,ASSOCIATION,"43,84493839","4,34806797"
2021-2022,M COMPAC 1A,01/12/2021,30/11/2023,AGENCE REGIONALE DE SANTE OCCITANIE,34070,MONTPELLIER,Administration d'Etat,"43,61344091","3,868516579"
2021-2022,M COMPAC 2A,01/02/2021,05/09/2022,BASSE COUR,30000,NIMES,ASSOCIATION,"43,84493839","4,34806797"
2021-2022,M MISRH 2A,13/09/2021,23/09/2022,NORAUTO FRANCE,34540,BALARUC LE VIEUX,SAS,"43,44690071","3,690720868"
2021-2022,M MIASHS 1A,29/11/2021,31/10/2023,INTRADO DIGITAL MEDIA FRANCE,75009,PARIS 9E,,"48,87689616","2,337460241"
2021-2022,M GE 2A,06/09/2021,09/09/2022,CONSERVATOIRE D'ESPACES NATURELS RA,69390,VOURLES,ASSOCIATION,"45,65080302","4,789795723"
2021-2022,M IDS PIDT 2A,18/10/2021,14/10/2022,ASSOCIATION DEFI,34070,MONTPELLIER,ASSOCIATION,"43,61344091","3,868516579"
2021-2022,M CNO 1A,06/12/2021,11/09/2023,APACHES,34000,MONTPELLIER,SAS,"43,61344091","3,868516579"
2021-2022,M GIMD 1A EAD,01/10/2021,30/09/2023,COMITE DEPARTEMENTAL D EDUCATION POUR,34070,MONTPELLIER,ASSOCIATION,"43,61344091","3,868516579"
2021-2022,M CNO 1A,22/11/2021,30/09/2023,HORYZON MEDIA,92130,ISSY LES MOULINEAUX,SAS,"48,82347434","2,264498233"
2021-2022,M MIASHS 1A,30/08/2021,01/09/2023,SANOFI AVENTIS RECHERCHE DEVELOPPEMENT,34070,MONTPELLIER,SA,"43,61344091","3,868516579"
2021-2022,M CNO 2A,01/02/2021,30/09/2022,APSARA MEDIA,13300,SALON DE PROVENCE,Entreprise à responsabilité limitée,"43,64628852","5,068146496"
2021-2022,M CAMD 2A,17/09/2021,16/09/2022,GINDOU CINEMA,46250,GINDOU,ASSOCIATION,"44,5993732","1,245537518"
2021-2022,M MISRH 1A,01/09/2021,22/09/2023,GEST'RH,76620,LE HAVRE,SARL,"49,4984525","0,1401537192"
2021-2022,M GRH SAC 2A,01/09/2021,23/09/2022,IMERYS PCC FRANCE,13129,ARLES,SAS,"43,54686924","4,662156426"
2021-2022,M MAVINUM 1A,01/11/2021,29/09/2023,HAIR FSY,94130,NOGENT SUR MARNE,SAS,"48,83666347","2,481667415"
2021-2022,M MAVINUM 1A,15/10/2021,30/09/2023,CONSEIL DEPARTEMENTAL DE L'HERAULT,34070,MONTPELLIER,Collectivité Territoriale,"43,61344091","3,868516579"