Annee,FORMATION,DATE_DEB_CONTRAT,DATE_FIN_CONTRAT,NOM_ENTREPRISE,CP_ENTREPRISE,VILLE_ENTREPRISE,donnees_recruteurs,Type
2016-2017,LP RDN (métiers de l'info),01/09/2016,29/09/2017,IFME,30000,NIMES,, 
2017-2017,LP RDN (métiers de l'info),31/08/2017,31/08/2017,CNRS MOY1100 ALPES,38042,GRENOBLE, , 
2016-2017,LP RDN (métiers de l'info),29/08/2016,31/07/2017,LANGUEDOC ROUSSILLON LIVRE ET LECTURE,34090,MONTPELLIER,ASSOCIATION,Association
2016-2017,LP RDN (métiers de l'info),01/10/2016,31/08/2017,MIND AND GO,66000,PERPIGNAN,, 
2016-2018,M IDS ESSAP 1A,22/09/2016,30/08/2018,ADREA MUTUELLE,30018,NIMES,, 
2016-2017,M IDS ESSAP 2A,03/10/2016,31/08/2017,SAS VOY'AGIR,34000,MONTPELLIER,SAS,Privé
2016-2017,M IDS ESSAP 2A,03/10/2016,30/09/2017,ASSOCIATION DES PARALYSES DE FRANCE,30000,NIMES,ASSOCIATION,Association
2015-2017,M IDS ESSAP 2A,01/10/2015,30/09/2017,IMEIF,34080,MONTPELLIER,, 
2015-2016,M IDS ESSAP 2A,01/12/2015,30/11/2016,CONSEIL DEPARTEMENTAL DE L'HERAULT,34070,MONTPELLIER,Collectivité Territoriale,Public
2016-2017,M IDS ESSAP 2A,03/10/2016,30/06/2017,SPIP 31,31603,MURET CEDEX,, 
2016-2018,M IDS PIDT 1A,01/12/2016,30/09/2018,DISP TOULOUSE SUD,31015,TOULOUSE CEDEX 6,Administration d'Etat,Public
2015-2017,M IDS PIDT 2A,01/10/2015,30/09/2017,DISP TOULOUSE SUD,31015,TOULOUSE CEDEX 6,Administration d'Etat,Public
2015-2017,M IDS PIDT 2A,01/12/2015,30/09/2017,DISP TOULOUSE SUD,31015,TOULOUSE CEDEX 6,Administration d'Etat,Public
2016-2017,M IDS PIDT 2A,13/09/2016,31/08/2017,MAIRIE DE TOULOUSE,31000,TOULOUSE,Commune et Commune Nouvelle,Public
2016-2017,M IDS PIDT 2A,03/10/2016,30/09/2017,DDT 84 VAUCLUSE,84000,AVIGNON,Administration d'Etat,Public
2016-2018,M MISRH 1A,26/09/2016,05/10/2018,SAS URBANIS,30900,NIMES,SAS,Privé
2016-2018,M MISRH 1A,29/08/2016,05/10/2018,EDF CNPE TRICASTIN,26130,ST PAUL TROIS CHATEAUX,SA,Privé
2016-2018,M MISRH 1A,01/09/2016,05/10/2018,COMMUNE DE LE GRAU DU ROI,30240,LE GRAU DU ROI,Administration d'Etat,Public
2016-2018,M MISRH 1A,01/07/2016,05/10/2018,TML EXPERTS CONSEILS,30900,NIMES,SARL,Privé
2016-2018,M MISRH 1A,12/09/2016,05/10/2018,EDF-CNPE CRUAS-MEYSSE,7350,CRUAS,SA,Privé
2016-2018,M MISRH 1A,12/09/2016,05/10/2018,EDF-CNPE CRUAS-MEYSSE,7350,CRUAS,SA,Privé
2016-2018,M MISRH 1A,01/09/2016,05/10/2018,COLAS MM,34430,SAINT JEAN DE VEDAS,, 
2015-2017,M MISRH 2A,28/09/2015,30/09/2017,LA POSTE,78180,MONTIGNY LE BRETONNEUX,, 
2015-2017,M MISRH 2A,14/09/2015,30/09/2017,TAM,34075,MONTPELLIER,SOCIETE ANONYME d'ECONOMIE MIXTE,Privé
2015-2017,M MISRH 2A,01/09/2015,30/09/2017,BANQUE POPULAIRE DU SUD,66000,PERPIGNAN,, 
2015-2017,M MISRH 2A,01/09/2015,30/09/2017,SNCF RESEAU,34070,MONTPELLIER,SA,Privé
2016-2017,M MISRH 2A,15/10/2016,29/09/2017,RENAULT SAS,94600,CHOISY LE ROI,SAS,Privé
2015-2017,M MISRH 2A,26/10/2015,30/09/2017,NESTLE WATERS SUPPLY SUD,30310,VERGEZE,SAS,Privé
2015-2017,M MISRH 2A,14/09/2015,30/09/2017,EDF - CNPE DE GOLFECH,82401,VALENCE D'AGEN CEDEX,SA,Privé
2016-2017,M MISRH 2A,01/09/2016,30/09/2017,EDF-CNPE CRUAS-MEYSSE,7350,CRUAS,SA,Privé
2016-2017,M MISRH 2A,19/09/2016,29/09/2017,POINT P MBM,,,SAS,Privé
2016-2017,M MISRH 2A,22/08/2016,29/09/2017,LA POSTE DSI BSCC,34070,MONTPELLIER,SA CA,Privé
2015-2017,M MISRH 2A,02/11/2015,30/09/2017,SHERPAS,13013,MARSEILLE,, 
2016-2017,M2 CNO,01/09/2016,30/09/2017,CC LA DOMITIENNE,34370,MAUREILHAN,Fonction publique territoriale,Privé
2016-2017,M2 CNO,01/09/2016,29/09/2017,ENEDIS,34070,MONTPELLIER,Entreprise à responsabilité limitée,Privé
2016-2017,M2 CNO,01/09/2016,29/09/2017,RECTORAT DE MONTPELLIER,34000,MONTPELLIER,Administration d'Etat,Public
2016-2017,M2 CNO,11/07/2016,29/09/2017,VALÉRO FRANCE,34501,Béziers cedex,, 
2016-2017,M2 CNO,01/08/2016,30/09/2017,CREDIT AGRICOLE SUD MEDITERRANEE,66100,PERPIGNAN,SA CA,Privé
2016-2017,M2 CNO,01/09/2016,30/09/2017,AIRBUS CORPORATE JET CENTRE,31060,TOULOUSE,, 
2016-2017,M2 CNO,19/09/2016,30/09/2017,ECOLE DES MINES D'ALES,30100,ALES,, 
2016-2017,M2 COMPAC,01/10/2016,30/09/2017,PREFECTURE DES PYRENEES ORIENTALES,66100,PERPIGNAN,Administration d'Etat,Public
2016-2017,M2 COMPAC,17/10/2016,16/10/2017,UNIVERSITE PAUL VALERY MONTPELLIER 3,34199,MONTPELLIER CEDEX 5,Administration d'Etat,Public
2016-2017,M2 COMPAC,15/09/2016,29/09/2017,ORANGE,34000,MONTPELLIER,SA,Privé
2016-2017,M2 COMPAC,01/09/2016,29/09/2017,PREFECTURE DE L'HERAULT,34070,MONTPELLIER,Administration d'Etat,Public
2016-2017,M2 CPO,01/09/2016,29/09/2017,DOMES PHARMA,63430,PONT DU CHATEAU,, 
2016-2017,M2 PTO,25/07/2016,25/11/2017,LA POSTE CENTRE FINANCIER,34000,MONTPELLIER,SA CA,Privé
2016-2017,M2 PTO,10/10/2016,09/10/2017,IVECO FRANCE,7104,ANNONAY CEDEX,, 
2016-2017,M2 PTO,24/10/2016,23/10/2017,SAS LE PETITES CANAILLES,92200,NEUILLY SUR SEINE,SAS,Privé
2016-2017,M2 PTO,05/12/2016,30/09/2017,CENTRE HOSPITALIER DE MENDE,48000,MENDE,Administration d'Etat,Public
2016-2017,M2 PTO,23/12/2016,22/12/2017,CDG 34,34184,MONTPELLIER,Administration d'Etat,Public
2016-2017,M2 PTO,14/09/2016,30/09/2017,EI GROUPE,34000,MONTPELLIER,SAS,Privé
2016-2017,M2 PTO,05/09/2016,24/11/2017,LA POSTE CENTRE FINANCIER,34000,MONTPELLIER,SA CA,Privé
2017-2018,LP RDN,28/08/2017,31/07/2018,LANGUEDOC ROUSSILLON LIVRE ET LECTURE,34090,MONTPELLIER,ASSOCIATION,Association
2017-2019,M IDS ESSAP 1A,02/10/2017,30/09/2019,CENTRE SOCIAL SOLEIL SAINT BLAISE,75020,PARIS 20E,ASSOCIATION,Association
2017-2019,M IDS ESSAP 1A,01/12/2017,30/09/2019,DISP TOULOUSE SUD,31015,TOULOUSE CEDEX 6,Administration d'Etat,Public
2017-2019,M IDS ESSAP 1A,01/12/2017,30/09/2019,DISP TOULOUSE SUD,31015,TOULOUSE CEDEX 6,Administration d'Etat,Public
2017-2018,M IDS ESSAP 2A,01/11/2017,30/09/2018,DEPARTEMENT DU GARD,30900,NIMES,Administration Publique Générale,Public
2017-2019,M IDS PIDT 1A,28/08/2017,31/08/2019,RESEDA,30100,ALES,ASSOCIATION,Association
2017-2019,M IDS PIDT 1A,04/09/2017,27/09/2019,CENTRE SOCIAL ET CULTUREL DANUBE,75019,PARIS 19E,SARL,Privé
2017-2019,M IDS PIDT 1A,01/10/2017,30/09/2019,CONSEIL DEPARTEMENTAL DE L'HERAULT,34070,MONTPELLIER,Collectivité Territoriale,Public
2017-2018,M IDS PIDT 2A,16/10/2017,15/10/2018,COMMUNAUTE D'AGGLO ALBIGEOIS,81160,SAINT JUERY,Fonction publique territoriale, 
2016-2018,M IDS PIDT 2A,01/12/2016,30/09/2018,DISP TOULOUSE SUD,31015,TOULOUSE CEDEX 6,Administration d'Etat,Public
2017-2019,M MIASHS 1A,01/10/2017,30/09/2019,CONSEIL DEPARTEMENTAL DE L'HERAULT,34070,MONTPELLIER,Collectivité Territoriale,Public
2017-2019,M MIASHS 1A,04/09/2017,30/08/2019,SNCF MOBILITES,92000,NANTERRE, , 
2017-2019,M MIASHS 1A,09/10/2017,31/08/2019,LABORATOIRE CHAUVIN,34070,MONTPELLIER,SAS,Privé
2018-2019,M MIASHS 1A,02/01/2018,31/08/2019,POLE EMPLOI-DIRECTION DES SYSTÈMES D',34170,CASTELNAU LE LEZ,EPA,Public
2017-2019,M MIASHS 1A,06/09/2017,30/08/2019,ORANGE,34070,MONTPELLIER,SA,Privé
2017-2019,M MIASHS 1A,04/09/2017,30/08/2019,SANOFI AVENTIS RECHERCHE DEVELOPPEMENT,34070,MONTPELLIER,SA,Privé
2017-2018,M MIASHS 2A,04/09/2017,31/08/2018,SEENOVATE,75017,PARIS 17E,SAS,Privé
2017-2018,M MIASHS 2A,25/09/2017,31/08/2018,SNCF,34000,MONTPELLIER, , 
2017-2018,M MIASHS 2A,04/09/2017,31/08/2018,SEENOVATE,75017,PARIS 17E,SAS,Privé
2017-2018,M MIASHS 2A,01/09/2017,31/08/2018,AUDRNA,30023,Nîmes cedex 1,ASSOCIATION,Association
2017-2019,M MISRH 1A,20/11/2017,19/11/2019,POLE EMPLOI-DIRECTION DES SYSTÈMES D',34170,CASTELNAU LE LEZ,EPA,Public
2017-2018,M MISRH 1A,01/10/2017,30/09/2018,CONSEIL DEPARTEMENTAL DE L'HERAULT,34070,MONTPELLIER,Collectivité Territoriale,Public
2017-2019,M MISRH 1A,04/09/2017,04/10/2019,ENEDIS,34070,MONTPELLIER,Entreprise à responsabilité limitée,Privé
2017-2019,M MISRH 1A,04/09/2017,30/09/2019,EDF CNPE DE CRUAS,7350,CRUAS,SA CA,Privé
2017-2019,M MISRH 1A,01/09/2017,30/09/2019,COMMUNAUTÉ D'AGGLOMÉRATION DE NÎMES,30900,NIMES,Administration d'Etat,Public
2017-2019,M MISRH 1A,26/09/2017,30/09/2019,EDF CNPE DE CRUAS,7350,CRUAS,SA CA,Privé
2017-2019,M MISRH 1A,04/09/2017,30/09/2019,POINT P MBM,,,SAS,Privé
2017-2019,M MISRH 1A,01/10/2017,30/09/2019,CONSEIL DEPARTEMENTAL DE L'HERAULT,34070,MONTPELLIER,Collectivité Territoriale,Public
2017-2019,M MISRH 1A,04/09/2017,30/09/2019,SNCF RESEAU,34070,MONTPELLIER,SA,Privé
2016-2018,M MISRH 2A,26/09/2016,05/10/2018,SAS URBANIS,30900,NIMES,SAS,Privé
2017-2018,M MISRH 2A,28/08/2017,27/09/2018,IPSIDE,31100,TOULOUSE,SAS,Privé
2017-2018,M MISRH 2A,23/09/2017,30/09/2018,ATOS MANAGEMENT FRANCE,95870,BEZONS,SAS,Privé
2016-2018,M MISRH 2A,01/07/2016,05/10/2018,TML EXPERTS CONSEILS,30900,NIMES,SARL,Privé
2016-2018,M MISRH 2A,12/09/2016,05/10/2018,EDF-CNPE CRUAS-MEYSSE,7350,CRUAS,SA,Privé
2016-2018,M MISRH 2A,12/09/2016,05/10/2018,EDF-CNPE CRUAS-MEYSSE,7350,CRUAS,SA,Privé
2017-2018,M MISRH 2A,01/08/2017,12/10/2018,TAM,34075,MONTPELLIER,SOCIETE ANONYME d'ECONOMIE MIXTE,Privé
2017-2018,M MISRH 2A,20/09/2017,28/09/2018,CMA CGM,13002,MARSEILLE 2E,, 
2016-2018,M MISRH 2A,01/09/2016,05/10/2018,COLAS MM,34430,SAINT JEAN DE VEDAS,, 
2017-2018,M2 CNO,16/10/2017,28/09/2018,ONISEP DELEGATION LR,34064,MONTPELLIER CEDEX 2,EPA,Public
2017-2018,M2 CNO,21/08/2017,31/08/2018,CREAVEA,34740,VENDARGUES,SARL,Privé
2017-2018,M2 CNO,25/09/2017,28/09/2018,RECTORAT DE MONTPELLIER,34000,MONTPELLIER,Administration d'Etat,Public
2017-2018,M2 CNO,02/10/2017,28/09/2018,PREFECTURE DU GARD,30900,NIMES,Administration d'Etat,Public
2017-2018,M2 CNO,04/09/2017,28/09/2018,NETHEOS,34000,MONTPELLIER,SAS,Privé
2017-2018,M2 CNO,01/08/2017,28/09/2018,INNO'VO,34370,MAUREILHAN,SAS,Privé
2017-2018,M2 CNO,16/10/2017,28/09/2018,COMUE LR-UNIVIVERSITÉ,34197,MONTPELLIER CEDEX 85,"Etablissement Public National scientifique, culturel et professionnel", 
2017-2018,M2 CNO,28/08/2017,28/09/2018,PREFECTURE DE L'HERAULT,34070,MONTPELLIER,Administration d'Etat,Public
2017-2018,M2 COMPAC,02/10/2017,28/09/2018,PREFECTURE DES PYRENEES ORIENTALES,66100,PERPIGNAN,Administration d'Etat,Public
2017-2018,M2 COMPAC,27/11/2017,28/09/2018,SSM RESTAURATION,66000,PERPIGNAN,SARL,Privé
2017-2018,M2 COMPAC,04/09/2017,28/09/2018,MAIRIE DE NARBONNE,11100,NARBONNE,Administration d'Etat,Public
2017-2018,M2 COMPAC,01/09/2017,28/09/2018,SOURDOREILLE PRODUCTION,93400,SAINT OUEN,SARL,Privé
2017-2018,M2 COMPAC,04/09/2017,28/09/2018,BIOVIVA EDITIONS,34000,MONTPELLIER,SARL,Privé
2017-2018,M2 COMPAC,01/09/2017,31/08/2018,BORDEAUX METROPOLE,33000,BORDEAUX,Etablissement public,Public
2017-2018,M2 COMPAC,04/09/2017,28/09/2018,CAPITOLE STUDIOS,84130,LE PONTET,SA,Privé
2017-2018,M2 COMPAC,02/10/2017,28/09/2018,DEPARTEMENT DE L'AUDE,11000,CARCASSONNE,Collectivité Territoriale,Public
2017-2018,M2 COMPAC,04/09/2017,30/09/2018,MONTPELLIER DANSE,34960,MONTPELLIER,ASSOCIATION,Association
2017-2018,M2 COMPAC,04/09/2017,12/10/2018,ENEDIS,34070,MONTPELLIER,Entreprise à responsabilité limitée,Privé
2017-2018,M2 COMPAC,04/09/2017,28/09/2018,PREFECTURE DE L'HERAULT,34070,MONTPELLIER,Administration d'Etat,Public
2017-2018,M2 COMPAC,01/10/2017,30/09/2018,PAYS DE L'OR AGGLOMERATION,34130,MAUGUIO,Commune et Commune Nouvelle,Public
2017-2018,M2 CPO,16/10/2017,31/10/2018,CAISSE DES DEPOTS ET CONSIGNATIONS,33059,BORDEAUX,Etablissement public,Public
2017-2018,M2 CPO,04/09/2017,28/09/2018,GRID SOLUTIONS,34070,MONTPELLIER,SAS,Privé
2017-2018,M2 GIMD,11/09/2017,28/09/2018,ENSAM,34070,MONTPELLIER,Etablissement public,Public
2017-2018,M2 GIMD,01/09/2017,30/09/2018,MINISTERE DE LA CULTURE,75033,PARIS CEDEX 01,Administration d'Etat,Public
2017-2018,M2 GIMD,01/11/2017,28/09/2018,MONTPELLIER SUPAGRO,34000,MONTPELLIER,EPA,Public
2017-2018,M2 GIMD,01/09/2017,28/09/2018,ADECCO,34430,SAINT JEAN DE VEDAS,SASU, 
2017-2018,M2 HUMANUM,01/12/2017,27/11/2018,AFPA ENTREPRISES,93100,MONTREUIL,EPIC,Public
2017-2018,M2 HUMANUM,04/07/2017,31/10/2018,ETUDES ET CHANTIERS,35000,RENNES,ASSOCIATION,Association
2017-2018,M2 HUMANUM,01/09/2017,28/09/2018,TRALALERE,75003,PARIS 3E,SAS,Privé
2017-2018,M2 MAVINUM,21/09/2017,21/09/2018,PIERRE FABRE,81106,CASTRES CEDEX,SA,Privé
2017-2018,M2 MAVINUM,01/10/2017,30/09/2018,CONSEIL DEPARTEMENTAL DE L'HERAULT,34070,MONTPELLIER,Collectivité Territoriale,Public
2017-2018,M2 PTO,07/11/2017,06/11/2018,CENTRE HOSPITALIER DE MENDE,48000,MENDE,Administration d'Etat,Public
2017-2018,M2 PTO,11/09/2017,07/09/2018,ECLIPSE ISTEC,34000,MONTPELLIER,SAS,Privé
2017-2018,M2 PTO,11/09/2017,10/09/2018,LA POSTE CENTRE FINANCIER,34000,MONTPELLIER,SA CA,Privé
2017-2018,M2 PTO,04/09/2017,31/08/2018,BNP PARIBAS SECURITIES SERVICES,93500,PANTIN,SCA,Privé
2017-2018,M2 PTO,11/12/2017,28/09/2018,M-PEARL,6600,ANTIBES,SASU, 
2018-2019,DUT SAP,03/09/2018,30/08/2020,A2MICILE - AZAE NARBONNE,11200,LEZIGNAN CORBIERES,SARL,Privé
2018-2019,LP RDN,03/09/2018,31/07/2019,OCCITANIE LIVRE & LECTURE,31000,TOULOUSE,ASSOCIATION,Association
2018-2019,LP RDN,03/09/2018,30/08/2019,CNRS UMR5138 ARCHEOMETRIE ET ARCHEOLOG,69007,LYON 07, , 
2018-2019,LP RDN,01/09/2018,31/08/2019,CNRS MOY1100 ALPES,38042,GRENOBLE, , 
2018-2020,M IDS ESSAP 1A,06/11/2018,25/09/2020,PLATE FORME CREATION D'ACTIVITE DEP 34,34080,MONTPELLIER,ASSOCIATION,Association
2018-2020,M IDS ESSAP 1A,17/09/2018,30/09/2020,CONSEIL DEPARTEMENTAL DE L'HERAULT,34070,MONTPELLIER,Collectivité Territoriale,Public
2018-2019,M IDS ESSAP 2A,01/10/2018,27/09/2019,ADVAH,34080,MONTPELLIER,ASSOCIATION,Association
2018-2020,M IDS PIDT 1A,17/09/2018,30/09/2020,APPRENTIS D'AUTEUIL - IMPACT JEUNES,75016,PARIS,FONDATION, 
2018-2020,M IDS PIDT 1A,20/08/2018,25/09/2020,DÉPARTEMENT DE LOIRE-ATLANTIQUE,44041,NANTES,Administration d'Etat,Public
2018-2020,M IDS PIDT 1A,01/09/2018,30/08/2020,ASS RESEAU EN SCENE,34070,MONTPELLIER,ASSOCIATION,Association
2017-2019,M IDS PIDT 2A,02/10/2017,30/09/2019,CENTRE SOCIAL SOLEIL SAINT BLAISE,75020,PARIS 20E,ASSOCIATION,Association
2017-2019,M IDS PIDT 2A,28/08/2017,31/08/2019,RESEDA,30100,ALES,ASSOCIATION,Association
2017-2019,M IDS PIDT 2A,01/12/2017,30/09/2019,DISP TOULOUSE SUD,31015,TOULOUSE CEDEX 6,Administration d'Etat,Public
2017-2019,M IDS PIDT 2A,04/09/2017,27/09/2019,CENTRE SOCIAL ET CULTUREL DANUBE,75019,PARIS 19E,SARL,Privé
2017-2019,M IDS PIDT 2A,01/10/2017,30/09/2019,CONSEIL DEPARTEMENTAL DE L'HERAULT,34070,MONTPELLIER,Collectivité Territoriale,Public
2017-2019,M IDS PIDT 2A,01/12/2017,30/09/2019,DISP TOULOUSE SUD,31015,TOULOUSE CEDEX 6,Administration d'Etat,Public
2018-2019,M IDS PIDT 2A,01/07/2018,30/09/2019,MISSION LOCALE JEUNE MONTPELLIER,34000,MONTPELLIER,ASSOCIATION,Association
2018-2020,M MIASHS 1A,10/09/2018,10/09/2020,MILLIONROADS,84000,AVIGNON,SAS,Privé
2018-2020,M MIASHS 1A,03/09/2018,30/08/2020,INST NATIONAL RECHERCHE AGRONOMIQUE,34070,MONTPELLIER,EPST, 
2018-2020,M MIASHS 1A,01/10/2018,31/08/2020,BANQUE POPULAIRE DU SUD,66000,PERPIGNAN,, 
2019-2020,M MIASHS 1A,01/01/2019,31/08/2020,MAIRIE DE NANCY,54035,NANCY,Commune et Commune Nouvelle,Public
2018-2020,M MIASHS 1A,03/09/2018,28/08/2020,FCS FORMATION,93100,MONTREUIL,Entreprise à responsabilité limitée,Privé
2018-2020,M MIASHS 1A,17/09/2018,31/08/2020,OLYSTIC,75008,PARIS 8,SAS,Privé
2018-2020,M MIASHS 1A,03/09/2018,02/09/2020,GROUPAMA SUPPORTS ET SERVICES,34170,CASTELNAU LE LEZ,Groupement d’intérêt économique, 
2018-2020,M MIASHS 1A,03/09/2018,28/08/2020,PRICEWATERHOUSECOOPERS ADVISORY,92200,NEUILLY SUR SEINE,SAS,Privé
2018-2020,M MIASHS 1A,03/09/2018,31/08/2020,MEDIAMETRIE,92300,LEVALLOIS PERRET,SA,Privé
2019-2020,M MIASHS 1A,02/09/2019,04/09/2020,PRICEWATERHOUSECOOPERS ADVISORY,92200,NEUILLY SUR SEINE,SAS,Privé
2018-2020,M MIASHS 1A,01/10/2018,30/09/2020,AXONAL-BIOSTATEM,92000,NANTERRE,SAS,Privé
2019-2020,M MIASHS 1A,07/01/2019,28/08/2020,ACELYS INFORMATIQUE,34000,MONTPELLIER,SAS,Privé
2018-2020,M MIASHS 1A,29/10/2018,31/08/2020,VESTAS FRANCE,34470,PEROLS,SAS,Privé
2018-2020,M MIASHS 1A,03/09/2018,31/08/2020,ASSOCIATION DES MOYENS ASSURANCES,49906,ANGERS CEDEX 9,ASSOCIATION,Association
2018-2020,M MIASHS 1A,03/09/2018,28/08/2020,REPORT ONE,81150,TERSSAC,SAS,Privé
2018-2020,M MIASHS 1A,24/09/2018,31/08/2020,FAURECIA INTERIEUR INDUSTRIE,60114,MERU,SAS,Privé
2018-2020,M MIASHS 1A,03/09/2018,28/08/2020,EDF SA DIRECTION COMMERCE SUD OUEST,31100,TOULOUSE,SA,Privé
2018-2020,M MIASHS 1A,01/10/2018,30/09/2020,AIR FRANCE,93290,TREMBLAY EN FRANCE,SA CA,Privé
2018-2020,M MIASHS 1A,10/09/2018,11/09/2020,SNCF MOBILITES,93200,SAINT DENIS,SIEGE, 
2018-2020,M MIASHS 1A,03/09/2018,31/08/2020,LISI AEROSPACE,75583,PARIS,, 
2018-2020,M MIASHS 1A,03/09/2018,28/08/2020,BALEA,34270,SAINT MATHIEU DE TREVIERS,SAS,Privé
2018-2020,M MIASHS 1A,12/11/2018,28/08/2020,PRICEWATERHOUSECOOPERS ADVISORY,34000,MONTPELLIER,SAS,Privé
2018-2020,M MIASHS 1A,03/09/2018,28/08/2020,TELLMEPLUS,34980,ST CLEMENT DE RIVIERE,SA,Privé
2018-2020,M MIASHS 1A,20/08/2018,20/08/2020,GEOMATYS,34934,MONTPELLIER,SAS,Privé
2017-2019,M MIASHS 2A,01/10/2017,30/09/2019,CONSEIL DEPARTEMENTAL DE L'HERAULT,34070,MONTPELLIER,Collectivité Territoriale,Public
2018-2019,M MIASHS 2A,01/09/2018,31/08/2019,AIRBUS OPERATIONS SAS TOULOUSE,31000,TOULOUSE,SASU, 
2017-2019,M MIASHS 2A,09/10/2017,31/08/2019,LABORATOIRE CHAUVIN,34070,MONTPELLIER,SAS,Privé
2018-2019,M MIASHS 2A,02/01/2018,31/08/2019,POLE EMPLOI-DIRECTION DES SYSTÈMES D',34170,CASTELNAU LE LEZ,EPA,Public
2018-2019,M MIASHS 2A,25/10/2018,31/08/2019,CONSEIL DEPARTEMENTAL DE L'HERAULT,34070,MONTPELLIER,Collectivité Territoriale,Public
2018-2019,M MIASHS 2A,01/09/2018,31/08/2019,AIRBUS OPERATIONS SAS TOULOUSE,31000,TOULOUSE,SASU, 
2018-2019,M MIASHS 2A,17/09/2018,31/08/2019,SEENOVATE,34000,MONTPELLIER,SAS,Privé
2017-2019,M MIASHS 2A,06/09/2017,30/08/2019,ORANGE,34070,MONTPELLIER,SA,Privé
2017-2019,M MIASHS 2A,04/09/2017,30/08/2019,SANOFI AVENTIS RECHERCHE DEVELOPPEMENT,34070,MONTPELLIER,SA,Privé
2018-2020,M MISRH 1A,03/09/2018,02/10/2020,CLINIQUE SAINT JEAN,34093,MONTPELLIER CEDEX 05,SAS,Privé
2018-2020,M MISRH 1A,06/08/2018,02/10/2020,LA POSTE,34391,MONTPELLIER CEDEX 5,SA CA,Privé
2018-2020,M MISRH 1A,03/09/2018,02/10/2020,MERLIN GERIN ALES (SHNEIDER),30319,ALES,SAS,Privé
2018-2020,M MISRH 1A,03/09/2018,02/10/2020,GMCO,34970,LATTES,SAS,Privé
2018-2020,M MISRH 1A,10/09/2018,31/08/2020,CONSEIL DEPARTEMENTAL DE L'HERAULT,34070,MONTPELLIER,Collectivité Territoriale,Public
2018-2020,M MISRH 1A,06/09/2018,02/10/2020,EDF-CNPE CRUAS-MEYSSE,7350,CRUAS,SA,Privé
2018-2020,M MISRH 1A,22/10/2018,30/09/2020,DUC,30730,SAINT BAUZELY,SA,Privé
2018-2020,M MISRH 1A,01/09/2018,31/08/2020,VORTEX,34430,SAINT JEAN DE VEDAS,SAS,Privé
2018-2020,M MISRH 1A,06/09/2018,02/10/2020,EDF-CNPE CRUAS-MEYSSE,7350,CRUAS,SA,Privé
2018-2020,M MISRH 1A,29/11/2018,02/10/2020,AFPA ENTREPRISES,34000,MONTPELLIER,EPIC,Public
2018-2020,M MISRH 1A,01/09/2018,02/10/2020,TELESPAZIO FRANCE,31023,TOULOUSE,SAS,Privé
2018-2020,M MISRH 1A,03/09/2018,02/10/2020,R2M EXPERTISE,34080,MONTPELLIER,SASU, 
2017-2019,M MISRH 2A,20/11/2017,19/11/2019,POLE EMPLOI-DIRECTION DES SYSTÈMES D',34170,CASTELNAU LE LEZ,EPA,Public
2017-2019,M MISRH 2A,04/09/2017,04/10/2019,ENEDIS,34070,MONTPELLIER,Entreprise à responsabilité limitée,Privé
2017-2019,M MISRH 2A,04/09/2017,30/09/2019,EDF CNPE DE CRUAS,7350,CRUAS,SA CA,Privé
2018-2019,M MISRH 2A,03/09/2018,30/09/2019,SIRH CONSULTING,34920,LE CRES,SARL,Privé
2017-2019,M MISRH 2A,01/09/2017,30/09/2019,COMMUNAUTÉ D'AGGLOMÉRATION DE NÎMES,30900,NIMES,Administration d'Etat,Public
2017-2019,M MISRH 2A,04/09/2017,30/09/2019,SNCF RESEAU,34070,MONTPELLIER,SA,Privé
2018-2019,M MISRH 2A,01/09/2018,28/09/2019,PSA AUTOMOBILES,25600,SOCHAUX,SA,Privé
2018-2019,M MISRH 2A,15/10/2018,27/09/2019,TAM,34075,MONTPELLIER,SOCIETE ANONYME d'ECONOMIE MIXTE,Privé
2018-2019,M MISRH 2A,01/10/2018,27/09/2019,MANPOWER,30100,ALES,SAS,Privé
2018-2019,M MISRH 2A,01/10/2018,30/09/2019,CARREFOUR HYPERMARCHES,34970,LATTES,SAS,Privé
2018-2019,M MISRH 2A,15/10/2018,27/09/2019,MAGASINS GALERIES LAFAYETTE,34960,MONTPELLIER,SAS,Privé
2018-2019,M2 CNO,03/09/2018,20/09/2019,SOC D' EXPLOITATION DE LA TOUR EIFFEL,75015,PARIS 15,Société Publique Local,Public
2018-2019,M2 CNO,17/09/2018,06/09/2019,PREFECTURE DE L'HERAULT,34070,MONTPELLIER,Administration d'Etat,Public
2018-2019,M2 CNO,10/09/2018,30/09/2019,MÉTROPOLE DE LYON,69003,LYON 03,Administration d'Etat,Public
2018-2019,M2 CNO,15/10/2018,30/09/2019,THALES LAS FRANCE,78995,ELANCOURT CEDEX,SAS,Privé
2018-2019,M2 CNO,01/10/2018,30/09/2019,CREPS DE MONTPELLIER,34090,MONTPELLIER,Administration d'Etat,Public
2018-2019,M2 CNO,03/09/2018,20/09/2019,OPERA ORCHESTRE NATIONAL MONTPELLIER,34967,MONTPELLIER,ASSOCIATION,Association
2018-2019,M2 CNO,15/10/2018,11/10/2019,ONISEP DELEGATION LR,34064,MONTPELLIER CEDEX 2,EPA,Public
2018-2019,M2 CNO,24/09/2018,20/09/2019,PREFECTURE DU GARD,30900,NIMES,Administration d'Etat,Public
2018-2019,M2 CNO,24/09/2018,20/09/2019,CIE IBM FRANCE,34000,MONTPELLIER,SAS,Privé
2018-2019,M2 CNO,24/09/2018,23/09/2019,BORDEAUX METROPOLE,33000,BORDEAUX,Etablissement public,Public
2018-2019,M2 COMPAC,01/10/2018,30/09/2019,COMUE LR-UNIVIVERSITÉ,34197,MONTPELLIER CEDEX 85,"Etablissement Public National scientifique, culturel et professionnel",Public
2018-2019,M2 COMPAC,17/09/2018,06/09/2019,PREFECTURE DE L'HERAULT,34070,MONTPELLIER,Administration d'Etat,Public
2018-2019,M2 COMPAC,01/10/2018,30/09/2019,PREFECTURE DES PYRENEES ORIENTALES,66100,PERPIGNAN,Administration d'Etat,Public
2018-2019,M2 COMPAC,03/09/2018,20/09/2019,CC LA DOMITIENNE,34370,MAUREILHAN,Fonction publique territoriale,Public
2018-2019,M2 COMPAC,24/09/2018,30/09/2019,REGION OCCITANIE PYRENEES MEDITERRANEE,34070,MONTPELLIER,Administration d'Etat,Public
2018-2019,M2 COMPAC,03/09/2018,20/09/2019,RECTORAT DE MONTPELLIER,34000,MONTPELLIER,Administration d'Etat,Public
2018-2019,M2 CPO,01/09/2018,06/09/2019,REGION DE GENDARMERIE LANGUEDOC ROUSSI,34070,MONTPELLIER,Groupement d'intérêt économique,Public
2018-2019,M2 CPO,03/09/2018,29/09/2019,SE IT FRANCE,38334,MONTBONNOT ST MARTIN,SAS,Privé
2018-2019,M2 CPO,10/10/2018,30/09/2019,CONSEIL DEPARTEMENTAL DE L'HERAULT,34070,MONTPELLIER,Collectivité Territoriale,Public
2018-2019,M2 GIMD,17/10/2018,16/10/2019,ENSEA,95800,CERGY,EPA,Public
2018-2019,M2 HUMANUM,24/09/2018,23/09/2019,EPLEFPA,30230,RODILHAN,Administration d'Etat,Public
2018-2019,M2 HUMANUM,07/09/2018,30/09/2019,RECTORAT DE MONTPELLIER,34000,MONTPELLIER,Administration d'Etat,Public
2018-2019,M2 HUMANUM,13/12/2018,12/12/2019,LA POSTE CENTRE DEV NUMERIQUE FORM,34090,MONTPELLIER,, 
2018-2019,M2 HUMANUM,01/10/2018,31/10/2019,MINISTERE DES ARMEES,37000,TOURS,, 
2018-2019,M2 PTO,03/09/2018,27/09/2019,LA POSTE CENTRE FINANCIER,34000,MONTPELLIER,SA CA,Privé
2018-2019,M2 PTO,03/09/2018,30/09/2019,UNIVERSITE PAUL VALERY MONTPELLIER 3,34199,MONTPELLIER CEDEX 5,Administration d'Etat,Public
2018-2019,M2 PTO,22/10/2018,27/09/2019,UBISOFT,34170,MONTPELLIER,SAS,Privé
2018-2019,M2 PTO,03/09/2018,30/09/2019,UNIVERSITE PAUL VALERY MONTPELLIER 3,34199,MONTPELLIER CEDEX 5,Administration d'Etat,Public
2018-2019,M2 PTO,27/08/2018,23/08/2019,KTK FRANCE SEATS,42160,ANDREZIEUX BOUTHEON,SAS,Privé
2018-2019,M2 PTO,24/09/2018,30/09/2019,EI GROUPE,34000,MONTPELLIER,SAS,Privé
2018-2019,M2 PTO,29/10/2018,28/10/2019,BTP CFA LANGUEDOC ROUSSILLON,34070,MONTPELLIER,ASSOCIATION,Association
2019-2020,DUT SAP 1A,01/09/2019,31/08/2021,ADAPA,1000,BOURG EN BRESSE,, 
2019-2020,DUT SAP 2A,03/09/2018,30/08/2020,A2MICILE - AZAE NARBONNE,11200,LEZIGNAN CORBIERES,SARL,Privé
2019-2020,LP IS APS,01/09/2019,31/08/2020,CCAS DE FRONTIGNAN,34110,FRONTIGNAN,, 
2019-2020,LP RDN,27/08/2019,31/07/2020,OCCITANIE LIVRE & LECTURE,31000,TOULOUSE,ASSOCIATION,Association
2019-2020,M CNO 1A,16/10/2019,06/09/2021,PREFECTURE DES PYRENEES ORIENTALES,66100,PERPIGNAN,Administration d'Etat,Public
2019-2020,M CNO 1A,01/12/2019,30/11/2021,AGENCE REGIONALE DE SANTE OCCITANIE,34070,MONTPELLIER,Administration d'Etat,Public
2019-2020,M CNO 2A,09/09/2019,07/09/2020,ORANGE,6560,VALBONNE,SA,Privé
2019-2020,M CNO 2A,06/09/2019,17/09/2021,AQUA-VALLEY PÔLE EAU,34070,MONTPELLIER,ASSOCIATION,Association
2019-2020,M CNO 2A,02/09/2019,07/09/2020,DEPARTEMENT DE L'AUDE,11000,CARCASSONNE,Collectivité Territoriale,Public
2019-2020,M CNO 2A,16/09/2019,11/09/2020,J PIERRE LAVAILL CONSEILS,34300,AGDE,Entreprise à responsabilité limitée,Privé
2019-2020,M CNO 2A,01/09/2019,31/08/2020,SO COCOON,34970,LATTES,, 
2019-2020,M CNO 2A,28/10/2019,07/09/2020,EPCC MOCO,34000,MONTPELLIER,EPCC,Public
2019-2020,M CNO 2A,02/09/2019,07/09/2020,MEDISUR,13590,MEYREUIL,SAS,Privé
2019-2020,M CNO 2A,09/09/2019,08/09/2020,MÉTROPOLE DE LYON,69003,LYON 03,Administration d'Etat,Public
2019-2020,M COMPAC 1A,02/09/2019,06/09/2021,MERCY SHIPS,1210,FERNEY VOLTAIRE,ASSOCIATION,Association
2019-2020,M COMPAC 1A,02/09/2019,06/09/2021,PREFECTURE DU GARD,30900,NIMES,Administration d'Etat,Public
2019-2020,M COMPAC 1A,02/09/2019,01/09/2021,SGAMI SUD,13014,MARSEILLE,Administration d'Etat,Public
2019-2020,M COMPAC 1A,01/01/2020,06/09/2021,CHU ROYANS,17200,ROYAN CEDEX,Administration d'Etat,Public
2019-2020,M COMPAC 2A,11/09/2019,11/09/2020,PROMETHEE PRODUCTIONS,75009,PARIS,SAS,Privé
2019-2020,M COMPAC 2A,02/09/2019,30/09/2020,REGION OCCITANIE PYRENEES MEDITERRANEE,34070,MONTPELLIER,Administration d'Etat,Public
2019-2020,M CPO 1A,25/11/2019,30/09/2021,AIRDIE,34000,MONTPELLIER,ASSOCIATION,Association
2019-2020,M CPO 2A,02/09/2019,31/08/2020,SAFRAN ELECTRONICS & DEFENSE,75015,PARIS 15,SA CA,Privé
2019-2020,M CPO 2A,01/09/2019,31/08/2020,ONISEP DELEGATION LR,34064,MONTPELLIER CEDEX 2,EPA,Public
2019-2020,M CPO 2A,01/08/2019,31/08/2020,CAPTURS,31670,LABEGE,SAS,Privé
2019-2020,M GIMD 1A,14/10/2019,30/09/2021,INSTITUT NATIONAL DE L'AUDIOVISUEL,94360,BRY SUR MARNE,EPIC,Public
2019-2020,M GIMD 1A,03/10/2019,30/09/2021,EDF CNPE DE DAMPIERRE,45570,OUZOUER SUR LOIRE,SA,Privé
2019-2020,M GIMD 2A,01/09/2019,30/09/2020,ENSAM,34070,MONTPELLIER,Etablissement public,Public
2019-2020,M GRH SOI 2A,14/10/2019,30/09/2020,ADECCO TRAINING,34470,PEROLS,, 
2019-2020,M HUMANUM 2A,03/10/2019,29/09/2020,INALCO,75013,PARIS,, 
2019-2020,M HUMANUM 2A,25/09/2019,29/09/2020,SEC GENERAL DES MINISTÈRES SOCIAUX,75007,PARIS,, 
2019-2020,M IDS ESSAP 2A,01/09/2018,30/08/2020,ASS RESEAU EN SCENE,34070,MONTPELLIER,ASSOCIATION,Association
2019-2020,M IDS ESSAP 2A,01/10/2019,30/09/2020,CONSEIL DEPARTEMENTAL DE L'HERAULT,34070,MONTPELLIER,Collectivité Territoriale,Public
2019-2020,M IDS ESSAP 2A,07/10/2019,30/09/2020,ASSOCIATION CONVERGENCES 34,34070,MONTPELLIER,ASSOCIATION,Association
2019-2020,M IDS ESSAP 2A,30/09/2019,30/09/2020,CRIJ OCCITANIE,34000,MONTPELLIER,ASSOCIATION,Association
2019-2020,M IDS PIDT 1A,01/10/2019,30/09/2021,BOUILLON CUBE,34380,CAUSSE DE LA SELLE,ASSOCIATION,Association
2019-2020,M IDS PIDT 1A,07/10/2019,30/09/2021,ASSOCIATION DEFI,34070,MONTPELLIER,ASSOCIATION,Association
2019-2020,M IDS PIDT 2A,01/11/2019,31/10/2020,DRDJSCS PACA,13006,MARSEILLE 06,, 
2019-2020,M IDS PIDT 2A,20/08/2018,25/09/2020,DÉPARTEMENT DE LOIRE-ATLANTIQUE,44041,NANTES,Administration d'Etat,Public
2019-2020,M IDS PIDT 2A,01/10/2019,30/09/2020,DISP TOULOUSE SUD,31015,TOULOUSE CEDEX 6,Administration d'Etat,Public
2019-2020,M IDS PIDT 2A,01/10/2019,30/09/2020,CONSEIL DEPARTEMENTAL DE L'HERAULT,34070,MONTPELLIER,Collectivité Territoriale,Public
2019-2020,M IDS PIDT 2A,17/09/2018,30/09/2020,CONSEIL DEPARTEMENTAL DE L'HERAULT,34070,MONTPELLIER,Collectivité Territoriale,Public
2019-2020,M MAVINUM 2A,25/09/2019,30/09/2020,DEPARTEMENT DE LA VENDEE,85000,LA ROCHE SUR YON,Fonction publique territoriale,Public
2019-2020,M MIASHS 1A,01/10/2018,30/08/2021,ESSILOR INTERNATIONAL,94000,CRETEIL,SAS,Privé
2019-2020,M MIASHS 1A,01/09/2020,31/08/2021,POLE EMPLOI-DIRECTION DES SYSTÈMES D',34170,CASTELNAU LE LEZ,EPA,Public
2019-2020,M MIASHS 1A,01/10/2019,28/08/2021,BOUYGUES IMMOBILIER,13002,MARSEILLE 02,SAS,Privé
2019-2020,M MIASHS 1A,04/11/2019,28/08/2021,PRICEWATERHOUSECOOPERS ADVISORY,34000,MONTPELLIER,SAS,Privé
2019-2020,M MIASHS 1A,04/11/2019,28/08/2021,SANOFI CHIMIE,30390,ARAMON,SAS,Privé
2019-2020,M MIASHS 1A,01/10/2019,31/08/2021,CONSEIL DEPARTEMENTAL DE L'HERAULT,34070,MONTPELLIER,Collectivité Territoriale,Public
2019-2020,M MIASHS 1A,02/09/2019,31/08/2021,COMWATT,34960,MONTPELLIER,SAS,Privé
2019-2020,M MIASHS 1A,21/10/2019,28/08/2021,SANOFI AVENTIS RECHERCHE DEVELOPPEMENT,34070,MONTPELLIER,SA,Privé
2019-2020,M MIASHS 1A,31/08/2020,01/09/2021,SANOFI AVENTIS RECHERCHE DEVELOPPEMENT,34070,MONTPELLIER,SA,Privé
2019-2020,M MIASHS 1A,11/09/2019,31/08/2021,MUTEX,92327,CHATILLON,SA,Privé
2019-2020,M MIASHS 1A,09/09/2019,28/08/2021,INETUM,93400,ST OUEN SUR SEINE,SA CA,Privé
2019-2020,M MIASHS 1A,02/09/2019,31/08/2021,PRIVATESPORTSHOP VENDARGUES,34740,VENDARGUES,SAS,Privé
2019-2020,M MIASHS 1A,02/09/2019,24/09/2021,CAISSE REGIONALE DU CREDIT AGRICOLE DU,34970,LATTES,SA,Privé
2019-2020,M MIASHS 1A,01/10/2019,28/08/2021,CREDIT AGRICOLE SA,92120,MONTROUGE,SA,Privé
2019-2020,M MIASHS 1A,09/09/2019,31/08/2021,SOGETREL,92130,ISSY LES MOULINEAUX,SAS,Privé
2019-2020,M MIASHS 1A,02/09/2019,31/08/2021,PICKEOS,30820,CAVEIRAC,SAS,Privé
2019-2020,M MIASHS 1A,01/09/2019,31/08/2021,RECTORAT DE MONTPELLIER,34000,MONTPELLIER,Administration d'Etat,Public
2019-2020,M MIASHS 1A,01/10/2019,30/09/2021,BNP PARIBAS PERSONAL FINANCE,92300,LEVALLOIS PERRET,SA CA,Privé
2019-2020,M MIASHS 1A,02/09/2019,31/08/2021,GROUPAMA SUPPORTS ET SERVICES,34170,CASTELNAU LE LEZ,Groupement d'intérêt économique,Public
2019-2020,M MIASHS 1A,30/09/2019,31/08/2021,AIRBUS OPERATIONS SAS TOULOUSE,31000,TOULOUSE,SASU, 
2019-2020,M MIASHS 2A,10/09/2018,10/09/2020,MILLIONROADS,84000,AVIGNON,SAS,Privé
2019-2020,M MIASHS 2A,03/09/2018,30/08/2020,INST NATIONAL RECHERCHE AGRONOMIQUE,34070,MONTPELLIER,EPST, 
2019-2020,M MIASHS 2A,01/10/2018,31/08/2020,BANQUE POPULAIRE DU SUD,66000,PERPIGNAN,, 
2019-2020,M MIASHS 2A,30/09/2019,31/08/2020,AIRBUS OPERATIONS SAS TOULOUSE,31000,TOULOUSE,SASU, 
2019-2020,M MIASHS 2A,17/09/2018,31/08/2020,OLYSTIC,75008,PARIS 8,SAS,Privé
2019-2020,M MIASHS 2A,03/09/2018,02/09/2020,GROUPAMA SUPPORTS ET SERVICES,34170,CASTELNAU LE LEZ,Groupement d'intérêt économique,Public
2019-2020,M MIASHS 2A,03/09/2018,28/08/2020,PRICEWATERHOUSECOOPERS ADVISORY,92200,NEUILLY SUR SEINE,SAS,Privé
2019-2020,M MIASHS 2A,02/09/2019,25/09/2020,SFR,,,, 
2019-2020,M MIASHS 2A,02/09/2019,04/09/2020,PRICEWATERHOUSECOOPERS ADVISORY,92200,NEUILLY SUR SEINE,SAS,Privé
2019-2020,M MIASHS 2A,02/09/2019,31/08/2020,ADDEO,33130,BEGLES,SAS,Privé
2019-2020,M MIASHS 2A,01/10/2018,30/09/2020,AXONAL-BIOSTATEM,92000,NANTERRE,SAS,Privé
2019-2020,M MIASHS 2A,07/01/2019,28/08/2020,ACELYS INFORMATIQUE,34000,MONTPELLIER,SAS,Privé
2019-2020,M MIASHS 2A,02/09/2019,31/08/2020,RUBIX DEVELOPPEMENT,69007,LYON 07,, 
2019-2020,M MIASHS 2A,03/09/2018,31/08/2020,ASSOCIATION DES MOYENS ASSURANCES,49906,ANGERS CEDEX 9,, 
2019-2020,M MIASHS 2A,03/09/2018,28/08/2020,REPORT ONE,81150,TERSSAC,SAS,Privé
2019-2020,M MIASHS 2A,18/11/2019,28/08/2020,SANOFI PASTEUR,69007,LYON 07,SA,Privé
2019-2020,M MIASHS 2A,03/09/2018,28/08/2020,EDF SA DIRECTION COMMERCE SUD OUEST,31100,TOULOUSE,SA,Privé
2019-2020,M MIASHS 2A,01/10/2018,30/09/2020,AIR FRANCE,93290,TREMBLAY EN FRANCE,SA CA,Privé
2019-2020,M MIASHS 2A,01/10/2019,31/08/2020,CONSEIL DEPARTEMENTAL DE L'HERAULT,34070,MONTPELLIER,Collectivité Territoriale,Public
2019-2020,M MIASHS 2A,03/09/2018,31/08/2020,LISI AEROSPACE,75583,PARIS,, 
2019-2020,M MIASHS 2A,03/09/2018,28/08/2020,BALEA,34270,SAINT MATHIEU DE TREVIERS,SAS,Privé
2019-2020,M MIASHS 2A,20/08/2018,20/08/2020,GEOMATYS,34934,MONTPELLIER,SAS,Privé
2019-2020,M MISRH 1A,01/09/2019,30/09/2021,RM AUDIT & EXPERTISE,34070,MONTPELLIER,SARL,Privé
2019-2020,M MISRH 1A,09/09/2019,01/10/2021,EDF-CNPE CRUAS-MEYSSE,7350,CRUAS,SA,Privé
2019-2020,M MISRH 1A,02/09/2019,01/10/2021,EDF-CNPE CRUAS-MEYSSE,7350,CRUAS,SA,Privé
2019-2020,M MISRH 1A,01/10/2019,30/09/2021,O-I MANUFACTURING,34500,BEZIERS,SAS,Privé
2019-2020,M MISRH 1A,02/09/2019,17/09/2021,EXPERT HUIS PARIS MONTPELLIER,34080,MONTPELLIER,Société civile de moyens, 
2019-2020,M MISRH 1A,03/09/2019,17/09/2021,UNIVERSITÉ DE MONTPELLIER,34070,MONTPELLIER,Etablissement public,Public
2019-2020,M MISRH 1A,01/09/2019,30/09/2021,CONSEIL DEPARTEMENTAL DE L'HERAULT,34070,MONTPELLIER,Collectivité Territoriale,Public
2019-2020,M MISRH 1A,02/09/2019,17/09/2021,EDF CNPE BUGEY,1150,LAGNIEU,SA,Privé
2019-2020,M MISRH 1A,02/09/2019,30/09/2021,ARCELORMITTAL MEDITERRANEE,13270,FOS SUR MER,SAS,Privé
2019-2020,M MISRH 1A,01/10/2019,30/09/2021,POLE EMPLOI-DIRECTION DES SYSTÈMES D',34170,CASTELNAU LE LEZ,EPA,Public
2020-2020,M MISRH 1A,01/07/2020,31/08/2021,SAINT MAMET,30600,VAUVERT,SAS,Privé
2019-2020,M MISRH 1A,01/08/2019,30/09/2021,VERDIE AUTOCARS,12000,RODEZ,SAS,Privé
2019-2020,M MISRH 1A,02/09/2019,01/10/2021,EDF-CNPE CRUAS-MEYSSE,7350,CRUAS,SA,Privé
2019-2020,M MISRH 1A,23/09/2019,24/09/2021,DEPARTEMENT ISERE,38022,GRENOBLE,Fonction publique territoriale,Public
2019-2020,M MISRH 2A,03/09/2018,02/10/2020,CLINIQUE SAINT JEAN,34093,MONTPELLIER CEDEX 05,SAS,Privé
2019-2020,M MISRH 2A,01/10/2019,18/09/2020,RENAULT,78280,GUYANCOURT,SAS,Privé
2019-2020,M MISRH 2A,06/08/2018,02/10/2020,LA POSTE,34391,MONTPELLIER CEDEX 5,SA CA,Privé
2018-2020,M MISRH 2A,03/09/2018,02/10/2020,MERLIN GERIN ALES (SHNEIDER),30319,ALES,SAS,Privé
2019-2020,M MISRH 2A,02/09/2019,18/09/2020,MANPOWER,30100,ALES,SAS,Privé
2019-2020,M MISRH 2A,03/09/2018,02/10/2020,GMCO,34970,LATTES,SAS,Privé
2019-2020,M MISRH 2A,10/09/2018,31/08/2020,CONSEIL DEPARTEMENTAL DE L'HERAULT,34070,MONTPELLIER,Collectivité Territoriale,Public
2019-2020,M MISRH 2A,02/09/2019,30/09/2020,A PLUS ENERGIES,,,, 
2019-2020,M MISRH 2A,27/08/2019,30/09/2020,BPIFRANCE,94700,MAISONS ALFORT,SA,Privé
2019-2020,M MISRH 2A,02/09/2019,30/09/2020,CAMERON FRANCE,34500,BEZIERS,SAS,Privé
2019-2020,M MISRH 2A,06/09/2018,02/10/2020,EDF-CNPE CRUAS-MEYSSE,7350,CRUAS,SA,Privé
2019-2020,M MISRH 2A,22/10/2018,30/09/2020,DUC,30730,SAINT BAUZELY,SA,Privé
2019-2020,M MISRH 2A,01/09/2018,31/08/2020,VORTEX,34430,SAINT JEAN DE VEDAS,SAS,Privé
2019-2020,M MISRH 2A,06/09/2018,02/10/2020,EDF-CNPE CRUAS-MEYSSE,7350,CRUAS,SA,Privé
2019-2020,M MISRH 2A,29/11/2018,02/10/2020,AFPA ENTREPRISES,34000,MONTPELLIER,EPIC,Public
2019-2020,M MISRH 2A,01/09/2018,02/10/2020,TELESPAZIO FRANCE,31023,TOULOUSE,SAS,Privé
2019-2020,M MISRH 2A,03/09/2018,02/10/2020,R2M EXPERTISE,34080,MONTPELLIER,SASU, 
2019-2020,M MISRH 2A,19/09/2019,18/09/2020,DDTM 34 HERAULT,34070,MONTPELLIER,Administration d'Etat,Public
2019-2020,M PTO 2A,02/09/2019,30/09/2020,EI GROUPE,34000,MONTPELLIER,SAS,Privé
2019-2020,M2 MAVINUM,02/09/2019,25/09/2020,EGIS RAIL,69006,LYON 6E,SA,Privé
2019-2020,M2 PTO,23/09/2019,25/09/2020,EDF - CNPE DE GOLFECH,82401,VALENCE D'AGEN CEDEX,SA,Privé
2020-2021,DUT SAP 1A,01/10/2020,16/06/2022,ADMR PAY HERAULTAIS,34080,MONTPELLIER,ASSOCIATION,Association
2020-2021,DUT SAP 2A,01/10/2020,16/06/2021,RESIDENCE JULES SEGUELA,11110,SALLES D AUDE,, 
2020-2021,DUT SAP 2A,18/09/2020,31/08/2021,FEDERATION ADMR DE L'AUDE,11000,CARCASSONNE,ASSOCIATION,Association
2020-2021,DUT SAP 2A,01/09/2019,31/08/2021,ADAPA,1000,BOURG EN BRESSE,, 
2020-2021,DUT SAP 2A,03/09/2018,30/08/2020,A2MICILE - AZAE NARBONNE,11200,LEZIGNAN CORBIERES,SARL,Privé
2020-2021,LG AES DS,01/09/2020,31/08/2021,LYCEE AGRICOLE VALLEE DE L'HERAULT,34150,GIGNAC,ASSOCIATION,Association
2020-2021,LP Animation,08/02/2021,30/09/2021,PLATEFORME SOLIDARITE INTERNATIONALE,66000,PERPIGNAN,ASSOCIATION,Association
2020-2021,LP Animation,01/10/2020,31/08/2021,CONSEIL DEPARTEMENTAL DE L'HERAULT,34070,MONTPELLIER,Collectivité Territoriale,Public
2020-2021,LP Animation,21/09/2020,30/09/2021,ESSOR SAVOIRS ET PARTAGE,34080,MONTPELLIER,ASSOCIATION,Association
2020-2021,LP Animation,19/10/2020,31/07/2021,ASSO AGATHOISE SAUVETAGE SECOURISME-NA,34300,AGDE,ASSOCIATION,Association
2020-2021,LP Animation,01/09/2020,30/09/2021,PACAP,34190,GANGES,ASSOCIATION,Association
2020-2021,LP Animation,01/03/2021,31/08/2021,STAND'ART,34430,ST JEAN DE VEDAS,ASSOCIATION,Association
2020-2021,LP Animation,14/10/2020,30/08/2021,PEPS-PRATIQUE EDUC ET PLAISIR SPORTIFS,34000,MONTPELLIER,ASSOCIATION,Association
2020-2021,LP Animation,08/04/2021,07/10/2021,,,,, 
2020-2021,LP IS APS,04/01/2021,02/07/2021,MAISON DE SANTÉ PROTESTANTE,30000,NIMES,ASSOCIATION,Association
2020-2021,LP IS APS,01/10/2020,31/08/2021,AMARIC APEF,30200,BAGNOLS SUR CEZE,SARL,Privé
2020-2021,LP IS APS,26/10/2020,31/08/2021,DEPARTEMENT DE L'AUDE,11000,CARCASSONNE,Collectivité Territoriale,Public
2020-2021,LP RDN,01/09/2020,31/08/2021,DGDDI - GARDE COTES DOUANE,76620,LE HAVRE,Administration d'Etat,Public
2020-2021,LP RDN,01/02/2021,31/08/2021,DGA ESSAIS EN VOL SITE D'ISTRES,13800,ISTRES,Administration d'Etat,Public
2020-2021,LP RDN,01/09/2020,31/08/2021,ECOUTER LE BRUIT,78300,POISSY,Entreprise à responsabilité limitée,Privé
2020-2021,LP RDN,14/09/2020,31/08/2021,MODELE DEPOSE,66100,PERPIGNAN,SARL,Privé
2020-2021,LP RDN,31/08/2020,30/07/2021,OCCITANIE LIVRE & LECTURE,31000,TOULOUSE,ASSOCIATION,Association
2020-2021,LP RDN,01/09/2020,31/08/2021,ECOUTER LE BRUIT,78300,POISSY,Entreprise à responsabilité limitée,Privé
2020-2021,M CNO 1A,16/11/2020,05/09/2022,BITWIPCONSEIL,97300,CAYENNE,SAS,Privé
2020-2021,M CNO 1A,07/09/2020,06/09/2022,DEPARTEMENT DE L'AUDE,11000,CARCASSONNE,Collectivité Territoriale,Public
2020-2021,M CNO 1A,04/10/2020,03/10/2022,L'ARTISAN CHOCOLATIER,81000,ALBI,SARL,Privé
2020-2021,M CNO 1A,19/10/2020,05/09/2022,MIDIMEDIA,34430,SAINT JEAN DE VEDAS,SNC, 
2020-2021,M CNO 1A,02/11/2020,05/09/2022,GIP CONNECT,34970,LATTES,SAS,Privé
2020-2021,M CNO 1A,01/09/2020,31/08/2022,PREFECTURE DE L'HERAULT,34070,MONTPELLIER,Administration d'Etat,Public
2020-2021,M CNO 1A,01/02/2021,05/09/2022,PAHASKA,34830,JACOU,ASSOCIATION,Association
2020-2021,M CNO 1A,01/10/2020,30/09/2022,TECHNILUM,34500,BEZIERS,SAS,Privé
2020-2021,M CNO 1A,02/11/2020,30/09/2022,APELEM,,GAILLARGUES LE MONTUEUX,SAS,Privé
2020-2021,M CNO 1A,01/09/2020,05/09/2022,FONDATION VAN ALLEN,34090,MONTPELLIER,FONDATION, 
2020-2021,M CNO 1A,01/02/2021,30/09/2022,APSARA MEDIA,13300,SALON DE PROVENCE,Entreprise à responsabilité limitée,Privé
2020-2021,M CNO 2A,01/09/2020,06/09/2021,WAH,34400,LUNEL,SARL,Privé
2020-2021,M CNO 2A,21/12/2020,26/09/2021,CENTRE MEDICAL INFANTILE,63540,ROMAGNAT,ASSOCIATION,Association
2020-2021,M CNO 2A,15/02/2021,06/09/2021,FESTIVAL RADIO FRANCE OCCITANIE MONTPE,34960,MONTPELLIER CEDEX 2,ASSOCIATION,Association
2020-2021,M CNO 2A,16/10/2019,06/09/2021,PREFECTURE DES PYRENEES ORIENTALES,66100,PERPIGNAN,Administration d'Etat,Public
2020-2021,M CNO 2A,05/01/2021,30/09/2021,LES FEES SPECIALES,34070,MONTPELLIER,SARL,Privé
2020-2021,M CNO 2A,28/12/2020,03/08/2021,SPOTYRIDE,34000,MONTPELLIER,SAS,Privé
2020-2021,M CNO 2A,19/10/2020,06/09/2021,COMMUNE DE LE GRAU DU ROI,30240,LE GRAU DU ROI,Administration d'Etat,Public
2020-2021,M CNO 2A,01/12/2019,30/11/2021,AGENCE REGIONALE DE SANTE OCCITANIE,34070,MONTPELLIER,Administration d'Etat,Public
2020-2021,M COMPAC 1A,07/12/2020,05/09/2022,SCOPIE,34110,FRONTIGNAN,ASSOCIATION,Association
2020-2021,M COMPAC 1A,07/12/2020,05/09/2022,ECO FARMS,75002,PARIS 02,SASU, 
2020-2021,M COMPAC 1A,06/10/2020,05/10/2022,MAIRIE BREC'H,56400,BRECH,Commune et Commune Nouvelle,Public
2020-2021,M COMPAC 1A,28/09/2020,05/09/2022,MADAME SOPHIE GUIN,34170,CASTELNAU LE LEZ,Micro-entrepreneur, 
2020-2021,M COMPAC 1A,28/09/2020,28/09/2022,TROPISME,34070,MONTPELLIER,Société coopérative d'intérêt collectif, 
2020-2021,M COMPAC 1A,01/02/2021,05/09/2022,BASSE COUR,30000,NIMES,ASSOCIATION,Association
2020-2021,M COMPAC 2A,01/09/2020,31/08/2021,RADIO NARBONNE GRAND SUD FM,11100,NARBONNE,ASSOCIATION,Association
2020-2021,M COMPAC 2A,02/09/2019,06/09/2021,MERCY SHIPS,1210,FERNEY VOLTAIRE,ASSOCIATION,Association
2020-2021,M COMPAC 2A,19/10/2020,18/10/2021,CPIE BASSIN DE THAU,34110,FRONTIGNAN,ASSOCIATION,Association
2020-2021,M COMPAC 2A,02/09/2019,06/09/2021,PREFECTURE DU GARD,30900,NIMES,Administration d'Etat,Public
2020-2021,M COMPAC 2A,21/10/2020,31/07/2021,MAIRIE DE MILLAU,12100,MILLAU,Administration d'Etat,Public
2020-2021,M COMPAC 2A,02/09/2019,01/09/2021,SGAMI SUD,13014,MARSEILLE,Administration d'Etat,Public
2020-2021,M COMPAC 2A,01/01/2020,06/09/2021,CHU ROYANS,17200,ROYAN CEDEX,Administration d'Etat,Public
2020-2021,M CPO 1A,01/10/2020,05/09/2022,GROUPE PRÉSIDENT ELECTRONICS,34543,BALARUC LES BAINS,SA,Privé
2020-2021,M CPO 1A,03/12/2020,05/09/2022,SCHNEIDER ELECTRIC INDUSTRIES,38100,GRENOBLE CEDEX 9,SAS,Privé
2020-2021,M CPO 1A,14/09/2020,09/09/2022,SNCF VOYAGEURS,34070,MONTPELLIER,SA,Privé
2020-2021,M CPO 1A,03/02/2021,05/09/2022,JOKAT PANDORA,34090,MONTPELLIER,SARL,Privé
2020-2021,M CPO 1A,09/11/2020,09/11/2022,CAMILLE BONNEVIAL PLUTON,38470,COGNIN LES GORGES,Entreprise à responsabilité limitée,Privé
2020-2021,M CPO 1A,07/09/2020,09/09/2022,HORMANN FRANCE,89102,SENS,SAS,Privé
2020-2021,M CPO 2A,16/11/2020,06/09/2021,COURANT FORT,26000,VALENCE,ASSOCIATION,Association
2020-2021,M CPO 2A,12/11/2020,30/09/2021,CONSEIL DEPARTEMENTAL DE L'HERAULT,34070,MONTPELLIER,Collectivité Territoriale,Public
2020-2021,M CPO 2A,16/11/2020,06/09/2021,DATA TERRAE,34000,MONTPELLIER,SAS,Privé
2020-2021,M CPO 2A,19/10/2020,18/10/2021,KINEIS,31520,RAMONVILLE SAINT AGNE,SAS,Privé
2020-2021,M CPO 2A,07/09/2020,06/09/2021,DEPARTEMENT DE L'AUDE,11000,CARCASSONNE,Collectivité Territoriale,Public
2020-2021,M CPO 2A,25/11/2019,30/09/2021,AIRDIE,34000,MONTPELLIER,ASSOCIATION,Association
2020-2021,M CPO 2A,03/12/2020,06/09/2021,Mutualité Française Grand Sud,34000,MONTPELLIER,, 
2020-2021,M DDT 1A,05/10/2020,08/09/2022,DEPARTEMENT DU TARN,81013,ALBI CEDEX 9,Fonction publique territoriale,Public
2020-2021,M ESEEC 1A,01/09/2020,23/09/2022,SECRÉTARIAT GÉNÉRAL COMMUN DE VAUCLUSE,84000,AVIGNON CEDEX 9,Administration d'Etat,Public
2020-2021,M GIMD 1A,12/10/2020,09/09/2022,HARMONY GROUP,30100,ALES,SARL,Privé
2020-2021,M GIMD 1A,01/10/2020,31/07/2022,ENSAM,34070,MONTPELLIER,Etablissement public,Public
2020-2021,M GIMD 1A,01/12/2020,30/11/2022,UNIVERSITE PAUL VALERY MONTPELLIER 3,34199,MONTPELLIER CEDEX 5,Administration d'Etat,Public
2020-2021,M GIMD 1A,14/10/2020,15/09/2022,CEA DE MARCOULE,30200,BAGNOLS SUR CEZE,EPIC,Public
2020-2021,M GIMD 1A,11/01/2021,15/07/2022,UNIVERSITE D EVRY VAL D ESSONNE,91000,EVRY,Administration d'Etat,Public
2020-2021,M GIMD 2A,14/10/2019,30/09/2021,INSTITUT NATIONAL DE L'AUDIOVISUEL,94360,BRY SUR MARNE,EPIC,Public
2020-2021,M GIMD 2A,01/10/2020,31/08/2021,UNIVERSITE PAUL VALERY MONTPELLIER 3,34199,MONTPELLIER CEDEX 5,Administration d'Etat,Public
2020-2021,M GRH AS 1A,04/09/2020,16/09/2022,LES COURRIERS DU MIDI,34090,MONTPELLIER,SAS,Privé
2020-2021,M GRH AS 2A,01/10/2020,30/09/2021,OPEN TOURISME LAB-NÎMES METROPOLE,30900,NIMES,ASSOCIATION,Association
2020-2021,M GRH AS 2A,01/09/2020,30/09/2021,GROUPE ID,34470,PEROLS,SARL,Privé
2020-2021,M GRH AS 2A,07/09/2020,24/09/2021,SANOFI AVENTIS RECHERCHE DEVELOPPEMENT,34070,MONTPELLIER,SA,Privé
2020-2021,M GRH SOI 2A,02/09/2019,17/09/2021,EXPERT HUIS PARIS MONTPELLIER,34080,MONTPELLIER,Société civile de moyens, 
2020-2021,M GRH SOI 2A,01/09/2019,30/09/2021,CONSEIL DEPARTEMENTAL DE L'HERAULT,34070,MONTPELLIER,Collectivité Territoriale,Public
2020-2021,M HUMANUM 1A,05/10/2020,30/09/2022,LA POSTE,75015,PARIS 15,SA,Privé
2020-2021,M HUMANUM 1A,19/10/2020,30/09/2022,EARLY MAKERS GROUP,75012,PARIS 12,SA,Privé
2020-2021,M HUMANUM 1A,05/10/2020,30/09/2022,FRANCE EDUCATION INTERNATIONAL,92310,SEVRES,Administration d'Etat,Public
2020-2021,M HUMANUM 1A,05/10/2020,30/09/2022,MEDICA FRANCE,75008,PARIS 08,SAS,Privé
2020-2021,M HUMANUM 2A,01/09/2020,30/09/2021,UNIVERSITE PAUL VALERY MONTPELLIER 3,34199,MONTPELLIER CEDEX 5,Administration d'Etat,Public
2020-2021,M HUMANUM 2A,01/12/2020,30/11/2021,FRANCE EDUCATION INTERNATIONAL,92310,SEVRES,Administration d'Etat,Public
2020-2021,M HUMANUM 2A,16/10/2020,15/10/2021,SERVICE & CO,69006,LYON 06,SAS,Privé
2020-2021,M HUMANUM 2A,09/11/2020,30/09/2021,AUNEGE,75008,PARIS 08,ASSOCIATION,Association
2020-2021,M HUMANUM 2A,19/10/2020,30/09/2021,OUEST MEDIAS,44600,SAINT NAZAIRE,SAS,Privé
2020-2021,M IDS ESSAP 1A,14/09/2020,24/09/2022,UNAPEI 34,34090,MONTPELLIER,, 
2020-2021,M IDS ESSAP 1A,23/09/2020,30/09/2022,ESL,48000,MENDE,Entreprise à responsabilité limitée,Privé
2020-2021,M IDS ESSAP 1A,14/09/2020,30/09/2022,LIGUE DE L'ENSEIGNEMENT - F VAUCLUSE,84000,AVIGNON,ASSOCIATION,Association
2020-2021,M IDS ESSAP 1A,01/10/2020,30/09/2022,CONSEIL DEPARTEMENTAL DE L'HERAULT,34070,MONTPELLIER,Collectivité Territoriale,Public
2020-2021,M IDS ESSAP 1A,01/10/2020,30/09/2022,CONSEIL DEPARTEMENTAL DE L'HERAULT,34070,MONTPELLIER,Collectivité Territoriale,Public
2020-2021,M IDS ESSAP 2A,26/10/2020,30/09/2021,MARCHE PAYSANS,34970,LATTES,ASSOCIATION,Association
2020-2021,M IDS ESSAP 2A,01/10/2020,30/09/2021,INTERMEDIAIRE ADEQUATION,38500,VOIRON,ASSOCIATION,Association
2020-2021,M IDS ESSAP 2A,01/09/2020,24/09/2021,1 CHEZ SOI D ABORD,34000,MONTPELLIER,ASSOCIATION,Association
2020-2021,M IDS ESSAP 2A,07/09/2020,24/09/2021,CROUS DE MONTPELLIER,34070,MONTPELLIER,Administration d'Etat,Public
2020-2021,M IDS ESSAP 2A,01/11/2020,31/10/2021,CRESS OCCITANIE,31500,TOULOUSE,ASSOCIATION,Association
2020-2021,M IDS ESSAP 2A,28/09/2020,24/09/2021,EDUCATIVE DU MAS CAVAILLAC,30120,MOLIERES CAVAILLAC,ASSOCIATION,Association
2020-2021,M IDS PIDT 1A,02/11/2020,01/11/2022,SERVICE ACCUEIL MINEURS RAIMBAUD,42300,ROANNE,ASSOCIATION,Association
2020-2021,M IDS PIDT 2A,01/10/2019,30/09/2021,BOUILLON CUBE,34380,CAUSSE DE LA SELLE,ASSOCIATION,Association
2020-2021,M IDS PIDT 2A,01/10/2020,30/09/2021,CONSEIL DEPARTEMENTAL DE L'HERAULT,34070,MONTPELLIER,Collectivité Territoriale,Public
2020-2021,M IDS PIDT 2A,07/10/2019,30/09/2021,ASSOCIATION DEFI,34070,MONTPELLIER,ASSOCIATION,Association
2020-2021,M IDS PIDT 2A,19/10/2020,19/10/2021,PASSEURS-CULTURES/IMAGES PACIM,34080,MONTPELLIER,ASSOCIATION,Association
2020-2021,M IDS PIDT 2A,14/10/2020,24/09/2021,GROUPE SOS SOLIDARITÉS,75011,PARIS,ASSOCIATION,Association
2020-2021,M IDS PIDT 2A,28/10/2020,26/10/2021,LA MENUISERIE COLLABORATIVE,34070,MONTPELLIER,SARL,Privé
2020-2021,M IDS PIDT 2A,02/11/2020,30/09/2021,MISSION LOCALE JEUNE MONTPELLIER,34000,MONTPELLIER,ASSOCIATION,Association
2020-2021,M IDS PIDT 2A,01/10/2020,29/10/2021,LIGUE DE L'ENSEIGNEMENT-FEDE YVELINES,,,ASSOCIATION,Association
2020-2021,M MAVINUM 2A,03/10/2019,30/09/2021,EDF CNPE DE DAMPIERRE,45570,OUZOUER SUR LOIRE,SA,Privé
2020-2021,M MIASHS 1A,19/10/2020,31/08/2022,CONSEIL DEPARTEMENTAL DE L'HERAULT,34070,MONTPELLIER,Collectivité Territoriale,Public
2020-2021,M MIASHS 1A,31/08/2020,31/08/2022,BALEA,34270,SAINT MATHIEU DE TREVIERS,SAS,Privé
2020-2021,M MIASHS 1A,01/09/2020,31/08/2022,SIM AND CURE,34090,MONTPELLIER,SA,Privé
2020-2021,M MIASHS 1A,01/09/2020,31/08/2022,AIRBUS HELICOPTERS MARIGNANE,13700,MARIGNANE,SAS,Privé
2020-2021,M MIASHS 1A,07/09/2020,31/08/2022,CDC HABITAT,34070,MONTPELLIER,Société d'économie mixte, 
2020-2021,M MIASHS 1A,07/09/2020,31/08/2022,8.2 FRANCE,34000,MONTPELLIER,SAS,Privé
2020-2021,M MIASHS 1A,07/09/2020,30/09/2022,NETIWAN,34500,BEZIERS,SAS,Privé
2020-2021,M MIASHS 1A,01/09/2020,31/08/2022,OPENFIELD MALAKOFF,92240,MALAKOFF,SAS,Privé
2020-2021,M MIASHS 1A,07/09/2020,09/09/2022,SOGETREL,92130,ISSY LES MOULINEAUX,SAS,Privé
2020-2021,M MIASHS 1A,26/10/2020,31/08/2022,CDC HABITAT,34070,MONTPELLIER,Société d'économie mixte, 
2020-2021,M MIASHS 1A,31/08/2020,01/09/2022,TOPNIR SYSTEMS,13857,AIX EN PROVENCE CEDEX 3,SAS,Privé
2020-2021,M MIASHS 1A,25/09/2020,02/09/2022,LYTN,34090,MONTPELLIER,SAS,Privé
2020-2021,M MIASHS 1A,31/08/2020,30/09/2022,DAMMANN PRESTATIONS INFORMATIQUES,30310,VERGEZE,SASU, 
2020-2021,M MIASHS 1A,01/07/2021,02/09/2021,,,,, 
2020-2021,M MIASHS 1A,04/01/2021,31/08/2022,AIRBUS OPERATIONS SAS TOULOUSE,31000,TOULOUSE,SASU, 
2020-2021,M MIASHS 1A,15/06/2021,31/08/2021,,,,, 
2020-2021,M MIASHS 1A,04/01/2021,30/09/2022,CONSEIL DEPARTEMENTAL DE L'HERAULT,34070,MONTPELLIER,Collectivité Territoriale,Public
2020-2021,M MIASHS 2A,01/10/2018,30/08/2021,ESSILOR INTERNATIONAL,94000,CRETEIL,SAS,Privé
2020-2021,M MIASHS 2A,01/10/2020,30/09/2021,AMADEUS,6410,BIOT,SAS,Privé
2020-2021,M MIASHS 2A,01/10/2018,31/08/2020,BANQUE POPULAIRE DU SUD,66000,PERPIGNAN,, 
2020-2021,M MIASHS 2A,01/09/2020,31/08/2021,POLE EMPLOI-DIRECTION DES SYSTÈMES D',34170,CASTELNAU LE LEZ,EPA,Public
2020-2021,M MIASHS 2A,01/10/2020,31/08/2021,ONAOS,66330,CABESTANY,SASU, 
2020-2021,M MIASHS 2A,04/11/2019,28/08/2021,PRICEWATERHOUSECOOPERS ADVISORY,34000,MONTPELLIER,SAS,Privé
2020-2021,M MIASHS 2A,04/11/2019,28/08/2021,SANOFI CHIMIE,30390,ARAMON,SAS,Privé
2020-2021,M MIASHS 2A,01/10/2019,31/08/2021,CONSEIL DEPARTEMENTAL DE L'HERAULT,34070,MONTPELLIER,Collectivité Territoriale,Public
2020-2021,M MIASHS 2A,02/09/2019,31/08/2021,COMWATT,34960,MONTPELLIER,SAS,Privé
2020-2021,M MIASHS 2A,21/10/2019,28/08/2021,SANOFI AVENTIS RECHERCHE DEVELOPPEMENT,34070,MONTPELLIER,SA,Privé
2020-2021,M MIASHS 2A,30/11/2020,01/09/2021,PSA AUTOMOBILES SA,78300,POISSY,SA,Privé
2020-2021,M MIASHS 2A,31/08/2020,01/09/2021,SANOFI AVENTIS RECHERCHE DEVELOPPEMENT,34070,MONTPELLIER,SA,Privé
2020-2021,M MIASHS 2A,11/09/2019,31/08/2021,MUTEX,92327,CHATILLON,SA,Privé
2020-2021,M MIASHS 2A,09/09/2019,28/08/2021,INETUM,93400,ST OUEN SUR SEINE,SA CA,Privé
2020-2021,M MIASHS 2A,02/09/2019,31/08/2021,PRIVATESPORTSHOP VENDARGUES,34740,VENDARGUES,SAS,Privé
2020-2021,M MIASHS 2A,01/09/2020,01/09/2021,AUDRNA,30023,Nîmes cedex 1,ASSOCIATION,Association
2020-2021,M MIASHS 2A,02/09/2019,24/09/2021,CAISSE REGIONALE DU CREDIT AGRICOLE DU,34970,LATTES,SA,Privé
2020-2021,M MIASHS 2A,01/10/2019,28/08/2021,CREDIT AGRICOLE SA,92120,MONTROUGE,SA,Privé
2020-2021,M MIASHS 2A,09/09/2019,31/08/2021,SOGETREL,92130,ISSY LES MOULINEAUX,SAS,Privé
2020-2021,M MIASHS 2A,02/09/2019,31/08/2021,PICKEOS,30820,CAVEIRAC,SAS,Privé
2020-2021,M MIASHS 2A,01/09/2019,31/08/2021,RECTORAT DE MONTPELLIER,34000,MONTPELLIER,Administration d'Etat,Public
2020-2021,M MIASHS 2A,01/10/2019,30/09/2021,BNP PARIBAS PERSONAL FINANCE,92300,LEVALLOIS PERRET,SA CA,Privé
2020-2021,M MIASHS 2A,02/09/2019,31/08/2021,GROUPAMA SUPPORTS ET SERVICES,34170,CASTELNAU LE LEZ,Groupement d'intérêt économique,Public
2020-2021,M MIASHS 2A,21/09/2020,31/08/2021,AXENS,30340,SALINDRES,SA,Privé
2020-2021,M MISRH 1A,01/09/2020,23/09/2022,AUGEFI,34300,AGDE,SAS,Privé
2020-2021,M MISRH 1A,01/09/2020,23/09/2022,ORANO DS DO CEA,30200,BAGNOLS SUR CEZE,SA,Privé
2020-2021,M MISRH 1A,14/09/2020,30/09/2022,EDF-CNPE CRUAS-MEYSSE,7350,CRUAS,SA,Privé
2020-2021,M MISRH 1A,14/09/2020,30/09/2022,UNAPEI 34,34090,MONTPELLIER,, 
2020-2021,M MISRH 1A,14/09/2020,23/09/2022,ORANO NC TRICASTIN,26701,PIERRELATTE,SA,Privé
2020-2021,M MISRH 1A,05/10/2020,24/09/2022,PAY JOB,75008,PARIS,SARL,Privé
2020-2021,M MISRH 1A,01/09/2020,30/09/2022,SUD SERVICE,34171,CASTELNAU LE LEZ CEDEX,SAS,Privé
2020-2021,M MISRH 1A,12/11/2020,30/09/2022,SAUR,30900,NIMES,, 
2020-2021,M MISRH 1A,01/09/2020,23/09/2022,LA COMPAGNIE DES DESSERTS,11200,LEZIGNAN CORBIERES,SAS,Privé
2020-2021,M MISRH 1A,01/09/2020,17/09/2022,PAY JOB,75008,PARIS,SARL,Privé
2020-2021,M MISRH 1A,14/09/2020,23/09/2022,AUGEFI BASSIN DE THAU FRONTIGNAN,34110,FRONTIGNAN,SAS,Privé
2020-2021,M MISRH 1A,01/09/2020,23/09/2022,GRID SOLUTIONS,34070,MONTPELLIER,SAS,Privé
2020-2021,M MISRH 1A,01/09/2020,30/09/2022,RM AUDIT & EXPERTISE,34070,MONTPELLIER,SARL,Privé
2020-2021,M MISRH 2A,01/09/2019,30/09/2021,RM AUDIT & EXPERTISE,34070,MONTPELLIER,SARL,Privé
2020-2021,M MISRH 2A,29/03/2021,30/09/2021,PEARLS MELIS,94400,VITRY SUR SEINE,SASU, 
2020-2021,M MISRH 2A,03/09/2020,24/09/2021,TAM,34075,MONTPELLIER,SOCIETE ANONYME d'ECONOMIE MIXTE,Privé
2020-2021,M MISRH 2A,14/12/2020,30/09/2021,SOFILEC,34070,MONTPELLIER,SAS,Privé
2020-2021,M MISRH 2A,09/09/2019,01/10/2021,EDF-CNPE CRUAS-MEYSSE,7350,CRUAS,SA,Privé
2020-2021,M MISRH 2A,28/09/2020,26/09/2021,LEROY MERLIN FORBACH,57600,MORSBACH,SA,Privé
2020-2021,M MISRH 2A,14/09/2020,24/09/2021,SERPE,,,, 
2020-2021,M MISRH 2A,02/09/2019,01/10/2021,EDF-CNPE CRUAS-MEYSSE,7350,CRUAS,SA,Privé
2020-2021,M MISRH 2A,01/10/2019,30/09/2021,O-I MANUFACTURING,34500,BEZIERS,SAS,Privé
2020-2021,M MISRH 2A,04/01/2021,30/09/2021,L ATELIER DE LA CASQUETTE,30900,NIMES,, 
2020-2021,M MISRH 2A,03/09/2019,17/09/2021,UNIVERSITÉ DE MONTPELLIER,34070,MONTPELLIER,Etablissement public,Public
2020-2021,M MISRH 2A,16/11/2020,30/09/2021,VECTALIA FRANCE,66100,PERPIGNAN,SAS,Privé
2020-2021,M MISRH 2A,05/10/2020,04/04/2021,,,,, 
2020-2021,M MISRH 2A,02/09/2019,17/09/2021,EDF CNPE BUGEY,1150,LAGNIEU,SA,Privé
2020-2021,M MISRH 2A,02/09/2019,30/09/2021,ARCELORMITTAL MEDITERRANEE,13270,FOS SUR MER,SAS,Privé
2020-2021,M MISRH 2A,01/10/2019,30/09/2021,POLE EMPLOI-DIRECTION DES SYSTÈMES D',34170,CASTELNAU LE LEZ,EPA,Public
2020-2021,M MISRH 2A,14/09/2020,30/09/2021,EGIS,78280,GUYANCOURT,SA,Privé
2020-2021,M MISRH 2A,01/02/2021,30/09/2021,SWORD,69370,SAINT DIDIER AU MONT D OR,SAS,Privé
2020-2021,M MISRH 2A,01/07/2020,31/08/2021,SAINT MAMET,30600,VAUVERT,SAS,Privé
2020-2021,M MISRH 2A,01/08/2019,30/09/2021,VERDIE AUTOCARS,12000,RODEZ,SAS,Privé
2020-2021,M MISRH 2A,01/09/2020,24/09/2021,APEX ENERGIES,34070,MONTPELLIER,SAS,Privé
2020-2021,M MISRH 2A,28/09/2020,30/09/2021,MAIRIE DE MARVEJOLS,48100,MARVEJOLS,Administration d'Etat,Public
2020-2021,M MISRH 2A,25/01/2021,30/09/2021,FIDUCIAL SECURITE,92400,COURBEVOIE,, 
2020-2021,M MISRH 2A,02/09/2019,01/10/2021,EDF-CNPE CRUAS-MEYSSE,7350,CRUAS,SA,Privé
2020-2021,M MISRH 2A,16/12/2020,24/09/2021,ALAIN DUCASSE FORMATION,92360,MEUDON,SARL,Privé
2020-2021,M MISRH 2A,19/10/2020,30/09/2021,HINFACT,31400,TOULOUSE,SAS,Privé
2020-2021,M MISRH 2A,28/09/2020,27/09/2021,BUSINESS & DECISION INTERACTIVE EOLAS,38000,GRENOBLE,SARL,Privé
2020-2021,M MPCA 2A,18/02/2021,31/08/2021,LES FEES SPECIALES,34070,MONTPELLIER,SARL,Privé
2020-2021,M MPCA 2A,01/09/2020,01/09/2021,OOOLALA,26500,BOURG LES VALENCE,SARL,Privé
2020-2021,M PTO 2A,23/11/2020,30/09/2021,LA POSTE CENTRE FINANCIER,34000,MONTPELLIER,SA CA,Privé
2020-2021,M PTO 2A,01/09/2020,30/09/2021,CEA CADARACHE,13115,ST PAUL LES DURANCE,EPIC,Public
2020-2021,M PTO 2A,17/08/2020,30/09/2021,EURHEKA,34500,BEZIERS,SARL,Privé
2020-2021,M TSV 2A,01/11/2020,31/10/2021,COLLECTIF MALUNÉS FR,79000,NIORT,ASSOCIATION,Association
2021-2022,DUT SAP 2A,01/09/2021,31/08/2022,CENTRE COMMUNAL D'ACTION SOCIALE,66750,ST CYPRIEN,, 
2021-2022,M GIMD 1A EAD,18/10/2021,22/09/2023,ECOLE NATIONALE DE LA MAGISTRATURE,33000,BORDEAUX,Etablissement Public National à caractère administratif, 
2021-2022,M GRH SAC 2A,01/09/2020,23/09/2022,AUGEFI,34300,AGDE,SAS,Privé
2021-2022,M CNO 2A,04/10/2021,30/09/2022,FRESH AFRIKA BY KAYNO,93400,ST OUEN SUR SEINE,SAS,Privé
2021-2022,M ESEEC 1A,02/09/2021,23/09/2023,SNCF RESEAU,34070,MONTPELLIER,SA,Privé
2021-2022,M ESEEC 2A,01/09/2021,31/08/2022,SETE AGGLOPOLE MEDITERRANEE,34110,FRONTIGNAN,Administration d'Etat,Public
2021-2022,M MIASHS 2A,19/10/2020,31/08/2022,CONSEIL DEPARTEMENTAL DE L'HERAULT,34070,MONTPELLIER,Collectivité Territoriale,Public
2021-2022,M GIMD 1A EAD,01/10/2021,30/09/2023,CENTRE DEPARTEMENTAL DE GESTION DE LA,33300,BORDEAUX,Administration Publique Générale,Public
2021-2022,LG3 AES DS,01/11/2021,30/06/2022,CENTRE INTERCOMMUNAL D ACTION SOCIALE,11000,CARCASSONNE,, 
2021-2022,M MAVINUM 2 EAD,01/10/2021,30/09/2022,ORANO MINING,92320,CHATILLON,SA,Privé
2021-2022,M MIASHS 2A,31/08/2020,31/08/2022,BALEA,34270,SAINT MATHIEU DE TREVIERS,SAS,Privé
2021-2022,M MISRH 2A,20/09/2021,23/09/2022,PEOPLESPHERES,34000,MONTPELLIER,SAS,Privé
2021-2022,M GRH SOI 2A,09/08/2021,24/09/2022,MEDIS EXPERT SUD,34070,MONTPELLIER,SARL,Privé
2021-2022,M COP 2A,04/10/2021,30/09/2022,J&G CONSEIL,94160,ST MANDE,SARL,Privé
2020-2022,M COP 2A,01/10/2020,05/09/2022,GROUPE PRÉSIDENT ELECTRONICS,34543,BALARUC LES BAINS,SA,Privé
2021-2022,M PTO 2A,25/10/2021,24/10/2022,SWITCH RH,82000,MONTAUBAN,SARL,Privé
2021-2022,M MIASHS 1A,30/08/2021,30/09/2023,AIRBUS OPERATIONS,44550,MONTOIR DE BRETAGNE, , 
2021-2022,M COMPAC 1A,01/09/2021,15/09/2023,DDTM 34 HERAULT,34070,MONTPELLIER,Administration d'Etat,Public
2021-2022,M MISRH 2A,15/09/2021,13/03/2022,,,,, 
2021-2022,M MISRH 2A,20/09/2021,23/09/2022,L AGENCE REGIONALE,34470,PEROLS,Groupement d'intérêt économique,Public
2021-2022,M IDS PIDT 1A,08/11/2021,07/11/2023,MAISON JEUNES CULTURE MAUGUIO CARNON,34130,MAUGUIO,ASSOCIATION,Association
2021-2022,M CAMD 2A,09/09/2021,16/09/2022,OCCITANIE FILMS,34070,MONTPELLIER,ASSOCIATION,Association
2021-2022,M GRH SAC 2A,01/09/2020,23/09/2022,ORANO DS DO CEA,30200,BAGNOLS SUR CEZE,SA,Privé
2021-2022,LP IS APS,29/10/2021,26/08/2022,O2 MONTPELLIER EST,72100,LE MANS,SARL,Privé
2021-2022,M PTO 2A,01/09/2021,23/09/2022,AB ORIENTATION ET PERSPECTIVES,34000,MONTPELLIER,SARL,Privé
2021-2022,M ESSACAP 2A,01/10/2021,30/09/2022,ASSOCIATION POUR LA MEDIATION ET L'AID,30900,NIMES,ASSOCIATION,Association
2021-2022,M GIMD 1A EAD,06/09/2021,22/09/2023,VEYRON-PERRIN GENEALOGISTES,30210,REMOULINS,SAS,Privé
2021-2022,M GRH SOI 1A,02/08/2021,24/09/2023,SNCF VOYAGEURS,34070,MONTPELLIER,SA,Privé
2021-2022,M MIASHS 1A,30/08/2021,15/09/2023,GROUPAMA SUPPORTS ET SERVICES,34170,CASTELNAU LE LEZ,Groupement d'intérêt économique,Public
2021-2022,M COP 2A,01/08/2021,06/09/2022,CONSEILS EN DEVELOPPEMENT,34500,BEZIERS,SAS à Associé Unique, 
2021-2022,M MISRH 2A,14/09/2020,30/09/2022,EDF-CNPE CRUAS-MEYSSE,7350,CRUAS,SA,Privé
2021-2022,M MIASHS 1A,30/08/2021,29/09/2023,AIRBUS HELICOPTERS MARIGNANE,13700,MARIGNANE,SAS,Privé
2021-2022,M CNO 1A,01/12/2021,11/09/2023,GROUPEMENT D EMPLOYEURS PROFESSION SPO,34070,MONTPELLIER,Groupement d'employeurs, 
2021-2022,M CAMD 2A,01/09/2021,16/09/2022,JAZZ A PORQUEROLLES,83400,HYERES,, 
2021-2022,M MIASHS 1A,30/08/2021,02/09/2023,AIR LIQUIDE ADVANCED TECHNOLOGIES,38360,SASSENAGE,SAS,Privé
2021-2022,M GE 2A,06/09/2021,30/09/2022,GROUPE Y AUDIT,79000,NIORT,SAS,Privé
2021-2022,LP IS APS,25/10/2021,30/08/2022,ASSOCIATION LOCALE ADMR DE CHARLY-VERN,69390,VERNAISON,ASSOCIATION,Association
2021-2022,M MISRH 1A,01/07/2021,22/09/2023,LITTORAL NETTOYAGE,34200,SETE,SARL,Privé
2021-2022,M MAVINUM 2A,02/11/2021,23/09/2022,AGENCE URBANISME AGGLO MARSEILLAISE,13001,MARSEILLE 01,ASSOCIATION,Association
2021-2022,M MAVINUM 2A,01/10/2021,30/09/2022,UNIVERSITE TOULOUSE III - PAUL SABATIE,31400,TOULOUSE,Etablissement Public National à caractère administratif, 
2021-2022,M MAVINUM 2 EAD,13/09/2021,23/09/2022,ECOLE SUPERIEUR DE PRAXIS SOCIAL DE MU,68200,MULHOUSE,ASSOCIATION,Association
2021-2022,M PTO 2A,18/10/2021,30/09/2022,AFPA ACCES A L' EMPLOI,33200,BORDEAUX,SASU, 
2021-2022,M HUMANUM 2A EAD,13/09/2021,30/09/2022,ARIANE GROUP,33185,LE HAILLAN, , 
2021-2022,M IDS PIDT 2A,29/11/2021,23/11/2022,MOUVEMENT FRANCAIS PLANNING FAMILIAL,34070,MONTPELLIER,ASSOCIATION,Association
2021-2022,M IDS PIDT 1A,06/09/2021,22/09/2023,ASS DEP ADMINIST GESTION ETS SPECIALIS,34500,BEZIERS,ASSOCIATION,Association
2021-2022,M GIMD 1A EAD,27/09/2021,22/09/2023,COMMUNE D AUBAGNE,13400,AUBAGNE,Fonction publique territoriale,Public
2021-2022,M GE 2A,06/09/2021,30/09/2022,EPCC PONT DU GARD,30210,VERS PONT DU GARD,EPIC,Public
2021-2022,LG3 AES DS,01/11/2021,30/06/2022,SOLI'NIORT,79000,NIORT,ASSOCIATION,Association
2020-2022,M COP 2A,03/12/2020,05/09/2022,SCHNEIDER ELECTRIC INDUSTRIES,38100,GRENOBLE CEDEX 9,SAS,Privé
2020-2022,M CNO 2A,16/11/2020,05/09/2022,BITWIPCONSEIL,97300,CAYENNE,SAS,Privé
2021-2022,DUT SAP 2A,09/08/2021,26/06/2022,DELAUYAL,11100,NARBONNE,SARL,Privé
2022-2022,M ESSACAP 1A,04/01/2022,23/09/2023,ASS ECHANGE NORD-SUD,33110,LE BOUSCAT,ASSOCIATION,Association
2021-2022,M MIASHS 1A,01/09/2021,01/09/2023,CAISSE REGIONALE DU CREDIT AGRICOLE DU,34970,LATTES,SA,Privé
2021-2022,M GIMD 2A EAD,13/12/2021,09/09/2022,ENSAM,34070,MONTPELLIER,Etablissement public,Public
2021-2022,M GE 2A,13/09/2021,13/09/2022,BIG IMPACTS,33000,BORDEAUX,ASSOCIATION,Association
2021-2022,M IDS PIDT 2A,06/09/2021,23/09/2022,VIVRE ENSEMBLE CITOYEN QUARTIER CEVENN,34080,MONTPELLIER,ASSOCIATION,Association
2020-2022,M MIASHS 2A,01/09/2020,31/08/2022,SIM AND CURE,34090,MONTPELLIER,SA,Privé
2020-2022,M COP 2A,14/09/2020,09/09/2022,SNCF VOYAGEURS,34070,MONTPELLIER,SA,Privé
2021-2022,M GE 2A,06/09/2021,09/09/2022,OFFICE NATIONAL DES FORETS,13090,AIX EN PROVENCE,EPIC,Public
2021-2022,M GRH SAC 2A,14/09/2020,30/09/2022,UNAPEI 34,34090,MONTPELLIER,ASSOCIATION,Association
2021-2022,M MIASHS 2A,01/09/2020,31/08/2022,AIRBUS HELICOPTERS MARIGNANE,13700,MARIGNANE,SAS,Privé
2021-2022,M IDS PIDT 2A,14/09/2020,24/09/2022,UNAPEI 34,34090,MONTPELLIER,ASSOCIATION,Association
2021-2022,M IDS PIDT 1A,01/09/2021,23/09/2023,ISSUE,34070,MONTPELLIER,ASSOCIATION,Association
2021-2022,M GIMD 1A EAD,01/09/2021,22/09/2023,DGDDI - GARDE COTES DOUANE,76620,LE HAVRE,Administration d'Etat,Public
2021-2022,M GRH SAC 2A,14/09/2020,23/09/2022,ORANO NC TRICASTIN,26701,PIERRELATTE,SA,Privé
2021-2022,M CNO 1A,29/11/2021,30/09/2023,GOKATA18,66140,CANET EN ROUSSILLON,SAS,Privé
2021-2022,M CAMP 2A,01/10/2021,30/09/2022,MAGNA VOX,21000,DIJON,ASSOCIATION,Association
2021-2022,M MIASHS 2A,07/09/2020,31/08/2022,CDC HABITAT,34070,MONTPELLIER,Société d'économie mixte, 
2021-2022,M CAMD 2A,17/09/2021,16/09/2022,L'YRE CINEMA,11370,LEUCATE,, 
2021-2022,M HUMANUM 1A EAD,01/10/2021,30/09/2023,PIDAPI,34830,CLAPIERS,ASSOCIATION,Association
2021-2022,M COMPAC 2A,07/12/2020,05/09/2022,SCOPIE,34110,FRONTIGNAN,ASSOCIATION,Association
2021-2022,M MIASHS 1A,23/08/2021,01/09/2023,TZAV DESIGN,84000,AVIGNON,SARL,Privé
2021-2022,M HUMANUM 2A EAD,05/10/2020,30/09/2022,LA POSTE,75015,PARIS 15,SA,Privé
2021-2022,M COMPAC 2A,04/10/2021,06/09/2022,COMMUNE DE LE GRAU DU ROI,30240,LE GRAU DU ROI,Administration d'Etat,Public
2021-2022,M MISRH 2A,13/09/2021,23/09/2022,ASICS FRANCE,34970,LATTES,SAS,Privé
2021-2022,M COP 2A,01/09/2021,30/09/2022,ENEDIS,34070,MONTPELLIER,Entreprise à responsabilité limitée,Privé
2021-2022,M MISRH 2A,05/10/2020,24/09/2022,PAY JOB,75008,PARIS,SARL,Privé
2021-2022,M CAMD 2A,01/10/2021,16/09/2022,OCCITANIE FILMS,34070,MONTPELLIER,ASSOCIATION,Association
2021-2022,DUT SAP 2A,01/09/2021,31/08/2022,ADMR CASTRIES,34160,CASTRIES,ASSOCIATION,Association
2021-2022,M COMPAC 1A,01/09/2021,11/09/2023,STAND'ART,34430,ST JEAN DE VEDAS,ASSOCIATION,Association
2021-2022,M IDS PIDT 2A,23/09/2020,30/09/2022,ESL,48000,MENDE,Entreprise à responsabilité limitée,Privé
2021-2022,M GE 2A,01/09/2021,15/09/2022,OFFICE NATIONAL DES FORETS,34000,MONTPELLIER,EPIC,Public
2021-2022,M ESSACAP 2A,23/08/2021,23/09/2022,COMPOSTONS,34090,MONTPELLIER,ASSOCIATION,Association
2021-2022,M COMPAC 1A,22/11/2021,11/09/2023,APF FRANCE HANDICAP,30900,NIMES,ASSOCIATION,Association
2021-2022,M GIMD 1A EAD,18/10/2021,31/10/2023,BUREAU VERITAS EXPLOITATION,92800,PUTEAUX,SAS,Privé
2021-2022,M MAVINUM 1A,01/10/2021,30/09/2023,UNIVERSITE PAUL VALERY MONTPELLIER 3,34199,MONTPELLIER CEDEX 5,Administration d'Etat,Public
2021-2022,M MIASHS 1A,03/01/2022,30/09/2023,PREMIDIRECT,54840,GONDREVILLE,SAS,Privé
2021-2022,M EPSIN 2A,01/10/2021,30/09/2022,REGAINS,30900,NIMES,ASSOCIATION,Association
2021-2022,M GRH SAC 1A,06/09/2021,23/09/2023,SNCF RESEAU,34070,MONTPELLIER,SA,Privé
2021-2022,LP IS APS,25/10/2021,02/09/2022,MAISON DE RETRAITE LES GARDIOLES,34980,COMBAILLAUX,Etablissement d'hospitalisation, 
2021-2022,M MAVINUM 1A,20/09/2021,22/09/2023,STAFF&GO,68100,MULHOUSE,SAS,Privé
2021-2022,M MISRH 2A,26/07/2021,23/09/2022,LA POSTE DSI BSCC,34070,MONTPELLIER,SA CA,Privé
2021-2022,M GIMD 1A EAD,05/10/2021,30/09/2023,MAYENNE COMMUNAUTE,53100,MAYENNE,Collectivité Territoriale,Public
2021-2022,M GRH SAC 1A,06/09/2021,23/09/2023,SECRETARIAT GENERAL COMMUN DEPARTEMENT,7000,FLAVIAC,Administration d'Etat,Public
2021-2022,M CAMD 2A,01/09/2021,12/12/2022,SEMITA ART,84190,BEAUMES DE VENISE,SARL,Privé
2021-2022,M MIASHS 2A,07/09/2020,30/09/2022,NETIWAN,34500,BEZIERS,SAS,Privé
2021-2022,M GIMD 1A EAD,01/09/2021,23/09/2023,ENSAM,34070,MONTPELLIER,Etablissement public,Public
2021-2022,M DDT 2A,05/10/2020,08/09/2022,DEPARTEMENT DU TARN,81013,ALBI CEDEX 9,Fonction publique territoriale,Public
2021-2022,M GRH SAC 2A,01/09/2020,30/09/2022,SUD SERVICE,34171,CASTELNAU LE LEZ CEDEX,SAS,Privé
2021-2022,M CAMD 2A,02/11/2021,31/10/2022,LE FESTIVAL,34300,AGDE,SARL,Privé
2021-2022,M CAMD 2A,06/09/2021,16/09/2022,LA GRANDE DISTRIBUTION,75019,PARIS 19,SARL,Privé
2021-2022,M DDT 2A,25/10/2021,21/10/2022,COMITE REGIONAL DU TOURISME ET DES LOI,34000,MONTPELLIER,ASSOCIATION,Association
2021-2022,M CNO 2A,07/09/2020,06/09/2022,DEPARTEMENT DE L'AUDE,11000,CARCASSONNE,Collectivité Territoriale,Public
2021-2022,M GRH SAC 2A,11/10/2021,23/09/2022,ADMR LE CRES,34920,LE CRES,ASSOCIATION,Association
2021-2022,M COP 1A,20/09/2021,11/09/2023,MPG IMMOBILIER,47300,VILLENEUVE SUR LOT,SAS,Privé
2021-2022,M IDS PIDT 2A,14/09/2020,30/09/2022,LIGUE DE L'ENSEIGNEMENT - F VAUCLUSE,84000,AVIGNON,ASSOCIATION,Association
2021-2022,M PTO 2A,13/09/2021,23/09/2022,PLASTIC OMNIUM GESTION,92300,LEVALLOIS PERRET,SNC, 
2021-2022,M MISRH 2A,12/11/2020,30/09/2022,SAUR,30900,NIMES,, 
2021-2022,M CNO 2A,04/10/2020,03/10/2022,L'ARTISAN CHOCOLATIER,81000,ALBI,SARL,Privé
2021-2022,M GIMD 2A EAD,14/10/2020,15/09/2022,CEA DE MARCOULE,30200,BAGNOLS SUR CEZE,EPIC,Public
2021-2022,M CNO 2A,19/10/2020,05/09/2022,MIDIMEDIA,34430,SAINT JEAN DE VEDAS,SNC, 
2021-2022,LP IS APS,01/09/2021,28/08/2022,ADMR DU MEJEAN,34470,PEROLS,ASSOCIATION,Association
2021-2022,M ESSACAP 1A,20/09/2021,30/09/2022,TOULOUSE METROPOLE,31000,TOULOUSE,Administration d'Etat,Public
2021-2022,M MIASHS 2A,11/10/2021,08/09/2022,SCHNEIDER ELECTRIC INDUSTRIES SAS,92500,RUEIL MALMAISON,SAS,Privé
2021-2022,M MIASHS 1A,30/08/2021,01/09/2023,Caisse d'Epargne LR,34000,MONTPELLIER,, 
2021-2022,M ESSACAP 2A,02/08/2021,15/12/2022,LES FRANCAS DE L'HERAULT,34070,MONTPELLIER,ASSOCIATION,Association
2021-2022,M COP 2A,03/02/2021,05/09/2022,JOKAT PANDORA,34090,MONTPELLIER,SARL,Privé
2021-2022,M GRH SOI 1A,06/09/2021,24/09/2023,LIDL,,,, 
2021-2022,DUT SAP 2A,01/10/2020,16/06/2022,ADMR PAY HERAULTAIS,34080,MONTPELLIER,ASSOCIATION,Association
2021-2022,M COP 2A,12/07/2021,06/09/2022,SARL GL IMPRESSIONS,84320,ENTRAIGUES SUR LA SORGUE,SARL,Privé
2021-2022,M ESSACAP 2A,11/10/2021,23/09/2022,CDC HABITAT SOCIAL SOCIETE ANONYME D'H,33520,BRUGES,Groupement d'intérêt économique,Public
2021-2022,M MISRH 2A,06/09/2021,23/09/2022,EGIS STRUCTURES ET ENVIRONNEMENT,78280,GUYANCOURT,SAS,Privé
2021-2022,M CAMP 2A,21/10/2021,30/09/2022,LES FEES SPECIALES,34070,MONTPELLIER,SARL,Privé
2021-2022,M GRH SOI 1A,01/09/2021,23/09/2023,SAUR,30900,NIMES,, 
2021-2022,M COMPAC 2A,01/09/2021,30/09/2022,PREFECTURE DE L'AUDE,11000,CARCASSONNE,Administration Publique Générale,Public
2021-2022,M COP 1A,01/09/2021,31/08/2023,UNIVERSITÉ DE MONTPELLIER,34070,MONTPELLIER,Etablissement public,Public
2021-2022,M ESSACAP 1A,25/10/2021,23/09/2023,ARTICLE 1,75004,PARIS 04,ASSOCIATION,Association
2021-2022,M HUMANUM 1A EAD,30/09/2021,30/09/2023,SUPERGRID INSTITUTE,69100,VILLEURBANNE,SAS,Privé
2021-2022,M MISRH 2A,04/09/2020,16/09/2022,LES COURRIERS DU MIDI,34090,MONTPELLIER,SAS,Privé
2021-2022,M MIASHS 1A,18/10/2021,01/09/2023,AIR FRANCE,93290,TREMBLAY EN FRANCE,SA CA,Privé
2021-2022,M ESEEC 2A,01/10/2021,30/09/2022,VSB ENERGIES NOUVELLES,30900,NIMES,SARL,Privé
2021-2022,M CNO 2A,01/09/2020,31/08/2022,PREFECTURE DE L'HERAULT,34070,MONTPELLIER,Administration d'Etat,Public
2021-2022,M ESSACAP 1A,13/09/2021,23/09/2023,CHAMBRE REGIONALE DE L'ECONOMIE SOCIAL,59000,LILLE,ASSOCIATION,Association
2021-2022,M GRH SAC 2A,16/09/2021,30/09/2022,SARL 2 AMB,30110,LA GRAND COMBE,SARL,Privé
2021-2022,M GRH SAC 2A,04/10/2021,23/09/2022,SAS RECHERCHES ET HORIZONS,34000,MONTPELLIER,SAS à Associé Unique, 
2021-2022,M ESSACAP 2A,11/10/2021,10/10/2022,MOUVEMENT FRANCAIS PLANNING FAMILIAL,34070,MONTPELLIER,ASSOCIATION,Association
2021-2022,M COMPAC 2A,06/10/2020,05/10/2022,MAIRIE BREC'H,56400,BRECH,Commune et Commune Nouvelle,Public
2021-2022,M CNO 2A,01/02/2021,05/09/2022,PAHASKA,34830,JACOU,ASSOCIATION,Association
2021-2022,M DDT 2A,01/10/2021,30/09/2022,Office français de la biodiversité,,,, 
2021-2022,M IDS PIDT 2A,01/10/2020,30/09/2022,CONSEIL DEPARTEMENTAL DE L'HERAULT,34070,MONTPELLIER,Collectivité Territoriale,Public
2021-2022,M COP 2A,01/09/2021,06/09/2022,MADAME STEPHANIE LECLAIRE,34070,MONTPELLIER,Entreprise à responsabilité limitée,Privé
2021-2022,M MIASHS 1A,30/08/2021,01/09/2023,SANOFI AVENTIS RECHERCHE DEVELOPPEMENT,34070,MONTPELLIER,SA,Privé
2021-2022,M GRH SOI 2A,08/11/2021,30/09/2022,GC COEUR D'HERAULT,34800,CLERMONT L HERAULT,SARL,Privé
2021-2022,M MIASHS 1A,30/08/2021,01/09/2023,MINISTERE DE L'INTERIEUR,75008,PARIS 08,Administration d'Etat,Public
2021-2022,M ESSACAP 2A,03/01/2022,23/09/2022,ESPACE RENAISSANCE,34000,MONTPELLIER,, 
2021-2022,M MIASHS 2A,26/10/2020,31/08/2022,CDC HABITAT,34070,MONTPELLIER,Société d'économie mixte, 
2021-2022,M MIASHS 1A,27/09/2021,02/09/2023,SNCF VOYAGEURS,34070,MONTPELLIER,SA,Privé
2021-2022,M HUMANUM 2A EAD,19/10/2020,30/09/2022,EARLY MAKERS GROUP,75012,PARIS 12,SA,Privé
2021-2022,M MIASHS 1A,17/01/2022,31/10/2023,NEOMARCHE,13400,AUBAGNE,SAS,Privé
2021-2022,LP ANIMATION,01/10/2021,30/09/2022,CONSEIL DEPARTEMENTAL DE L'HERAULT,34070,MONTPELLIER,Collectivité Territoriale,Public
2021-2022,M MISRH 2A,21/09/2021,23/09/2022,AOSIS CONSULTING,31300,TOULOUSE,SARL,Privé
2021-2022,M GE 2A,04/10/2021,20/09/2022,COMMUNE DE PALAVAS LES FLOTS,34250,PALAVAS LES FLOTS,Commune et Commune Nouvelle,Public
2021-2022,M GIMD 1A EAD,18/10/2021,22/09/2023,EDF CNPE DE BELLEVILLE SUR LOIRE,18240,LERE,SA,Privé
2021-2022,M EC EG EAD 2A,01/11/2021,31/10/2022,COLLECTIF MALUNÉS FR,79000,NIORT,ASSOCIATION,Association
2021-2022,M COP 2A,09/11/2020,09/11/2022,CAMILLE BONNEVIAL PLUTON,38470,COGNIN LES GORGES,Entreprise à responsabilité limitée,Privé
2021-2022,M MISRH 1A,10/01/2022,23/09/2023,EMINAD,22600,LOUDEAC,SARL,Privé
2021-2022,M PTO 2A,01/11/2021,23/09/2022,OBSERVATOIRE AMAROK,34880,LAVERUNE,ASSOCIATION,Association
2021-2022,M ESSACAP 1A,01/10/2021,30/09/2023,CTRE COMMUNAL D'ACTION SOCIALE,30600,VAUVERT,Collectivité Territoriale,Public
2021-2022,M CNO 2A,01/10/2020,30/09/2022,TECHNILUM,34500,BEZIERS,SAS,Privé
2021-2022,M CAMD 2A,12/11/2021,16/09/2022,ACCILR,30900,NIMES,ASSOCIATION,Association
2021-2022,M MIASHS 2A,02/11/2021,02/09/2022,HAWK,75013,PARIS 13,SAS,Privé
2021-2022,M COMPAC 1A,01/09/2021,11/09/2023,I2ML,30900,NIMES,ASSOCIATION,Association
2021-2022,M COMPAC 2A,13/09/2021,31/10/2022,CPIE RHONE PAYS D ARLES,13104,ARLES,ASSOCIATION,Association
2021-2022,M MISRH 2A,01/09/2020,23/09/2022,LA COMPAGNIE DES DESSERTS,11200,LEZIGNAN CORBIERES,SAS,Privé
2021-2022,M COMPAC 1A,01/09/2021,11/09/2023,PREFECTURE DES PYRENEES ORIENTALES,66100,PERPIGNAN,Administration d'Etat,Public
2021-2022,M GIMD 1A EAD,10/09/2021,30/09/2023,MAIRIE DE TOULON,83000,TOULON,Administration Publique Générale,Public
2021-2022,M CAMD 2A,12/11/2021,04/11/2022,SFMD,13200,ARLES,SAS,Privé
2021-2022,M CNO 1A,01/09/2021,11/09/2023,MERKUTIO,75012,PARIS 12,SARL,Privé
2021-2022,M IDS PIDT 1A,01/10/2021,22/09/2023,LE GAMELAB,34200,SETE,SARL,Privé
2021-2022,LP DGDIN EAD,01/09/2021,29/07/2022,OCCITANIE LIVRE & LECTURE,31000,TOULOUSE,ASSOCIATION,Association
2021-2022,LP ANIMATION,01/09/2021,31/08/2022,COMMUNE D AUBIGNAN,84810,AUBIGNAN,Commune et Commune Nouvelle,Public
2021-2022,M DDT 1A,01/09/2021,31/08/2023,LE GRAND NARBONNE COMM D AGGLOMERATION,11100,NARBONNE,Administration d'Etat,Public
2021-2022,M ESEEC 1A,01/09/2021,30/09/2023,CONSEIL DEPARTEMENTAL DE L'HERAULT,34070,MONTPELLIER,Collectivité Territoriale,Public
2021-2022,M CNO 2A,02/11/2020,30/09/2022,APELEM,,GAILLARGUES LE MONTUEUX,SAS,Privé
2021-2022,M GIMD 2A EAD,18/10/2021,30/11/2022,TOULOUSE BUSINESS SCHOOL,31130,QUINT FONSEGRIVES,, 
2021-2022,M MIASHS 2A,31/08/2020,01/09/2022,TOPNIR SYSTEMS,13857,AIX EN PROVENCE CEDEX 3,SAS,Privé
2021-2022,M COP 1A,06/12/2021,11/09/2023,JOB ME,34280,LA GRANDE MOTTE,SAS,Privé
2021-2022,M IDS PIDT 2A,04/10/2021,30/09/2022,INSTITUT MEDITERRANEEN D'ETUDE D'INGEN,34080,MONTPELLIER,ASSOCIATION,Association
2021-2022,M MISRH 2A,03/01/2022,30/09/2022,EHPAD LES TILLEULS,7560,MONTPEZAT SOUS BAUZON,Collectivité Territoriale,Public
2021-2022,LP IS APS,01/10/2021,31/08/2022,OHUMAINAJA,38160,ST MARCELLIN,SAS,Privé
2021-2022,M MIASHS 2A,25/09/2020,02/09/2022,LYTN,34060,MONTPELLIER,SAS,Privé
2021-2022,M MISRH 2A,01/09/2020,17/09/2022,PAY JOB,75008,PARIS,SARL,Privé
2021-2022,M MIASHS 1A,01/09/2021,01/09/2023,ONAOS,,,SAS,Privé
2021-2022,M GE 2A,27/09/2021,26/09/2022,ASS DEP AMENA STRUC EXPL AGRIC HERAULT,34970,LATTES,ASSOCIATION,Association
2021-2022,M HUMANUM 2A EAD,01/07/2021,30/09/2022,CANAL + INTERNATIONAL,92100,BOULOGNE BILLANCOURT,SAS,Privé
2021-2022,M MIASHS 2A,31/08/2020,30/09/2022,DAMMANN PRESTATIONS INFORMATIQUES,30310,VERGEZE,SASU, 
2021-2022,M GE 2A,10/09/2021,09/09/2022,UNIVERSITE PAUL VALERY MONTPELLIER 3,34199,MONTPELLIER CEDEX 5,Administration d'Etat,Public
2021-2022,M IDS PIDT 1A,05/10/2021,04/10/2023,ASSOCIATION TERRE CONTACT,34150,GIGNAC,ASSOCIATION,Association
2021-2022,DUT SAP 2A,30/08/2021,30/08/2022,DOMITIA SERVICES,11100,NARBONNE,SAS,Privé
2021-2022,M MIASHS 2A,03/09/2021,02/09/2022,ORANGE,94110,ARCUEIL,SA,Privé
2021-2022,M IDS PIDT 2A,01/10/2021,30/09/2022,FLE LE BOUQUET DES GARRIGUES,34110,FRONTIGNAN,ASSOCIATION,Association
2021-2022,M GRH SAC 2A,08/11/2021,23/09/2022,ORCA SERVICES,66100,PERPIGNAN,SAS,Privé
2021-2022,M MIASHS 2A,04/01/2021,31/08/2022,AIRBUS OPERATIONS SAS TOULOUSE,31000,TOULOUSE,SASU, 
2021-2022,M HUMANUM 2A EAD,05/10/2020,30/09/2022,FRANCE EDUCATION INTERNATIONAL,92310,SEVRES,Administration d'Etat,Public
2021-2022,M CNO 1A,13/09/2021,16/09/2023,MAIRIE DE TEYRAN,34820,TEYRAN,Collectivité Territoriale,Public
2021-2022,M EPSIN 2A,13/09/2021,20/09/2022,UNIVERSITE PAUL VALERY MONTPELLIER 3,34199,MONTPELLIER CEDEX 5,Administration d'Etat,Public
2021-2022,LP ANIMATION,15/10/2021,30/09/2022,METROPOLE D'AIX-MARSEILLE-PROVENCE,13400,AUBAGNE,, 
2021-2022,M CNO 1A,01/09/2021,11/09/2023,ESPELIA,75009,PARIS 09,SAS,Privé
2021-2022,M COMPAC 1A,06/09/2021,11/09/2023,PREFECTURE DU GARD,30900,NIMES,Administration d'Etat,Public
2021-2022,M HUMANUM 2A EAD,06/09/2021,30/09/2022,ENTREPRENEURIAT CONSEIL,64500,ST JEAN DE LUZ,SAS,Privé
2021-2022,M CNO 1A,02/11/2021,01/11/2023,PHARMACIE DU FORUM,34980,ST GELY DU FESC,SIEGE, 
2021-2022,M CNO 1A,14/02/2022,13/09/2023,LA MELEE,31000,TOULOUSE,ASSOCIATION,Association
2021-2022,M MISRH 2A,01/09/2021,30/09/2022,CLINIQUE DU PARC,34170,CASTELNAU LE LEZ,SA,Privé
2021-2022,LP DGDIN EAD,01/10/2021,30/09/2022,COMMUNE DE PONTIVY,56300,PONTIVY,Collectivité Territoriale,Public
2021-2022,M MISRH 2A,07/09/2021,23/09/2022,OUIHELP,34080,MONTPELLIER,SAS,Privé
2021-2022,M CNO 2A,01/09/2020,05/09/2022,FONDATION VAN ALLEN,34090,MONTPELLIER,FONDATION, 
2021-2022,M COP 1A,06/09/2021,29/09/2023,EDF CNPE TRICASTIN,26130,ST PAUL TROIS CHATEAUX,SA,Privé
2021-2022,M COMPAC 2A,28/09/2020,28/09/2022,TROPISME,34070,MONTPELLIER,Société coopérative d'intérêt collectif, 
2021-2022,M IDS PIDT 1A,30/08/2021,23/09/2023,ADAGES,34090,MONTPELLIER,ASSOCIATION,Association
2021-2022,M COP 1A,18/10/2021,15/09/2023,CROUS DE MONTPELLIER,34070,MONTPELLIER,Administration d'Etat,Public
2021-2022,M CNO 1A,30/08/2021,11/09/2023,PHOTO CINE COMEDIE,34000,MONTPELLIER,SAS,Privé
2021-2022,M GIMD 2A EAD,06/09/2021,31/08/2022,GROUPE SUP DE CO MONTPELLIER,34080,MONTPELLIER,ASSOCIATION,Association
2021-2022,M MISRH 2A,13/09/2021,30/10/2022,GROUPEMENT D EMPLOYEURS PROGRESS,30670,AIGUES VIVES,ASSOCIATION,Association
2021-2022,M PTO 2A,01/09/2021,30/09/2022,EMOTIONS,34000,MONTPELLIER,SARL,Privé
2021-2022,M COP 2A,07/09/2020,09/09/2022,HORMANN FRANCE,89102,SENS,SAS,Privé
2021-2022,M CNO 1A,01/10/2021,11/09/2023,UNIVERSITÉ DE MONTPELLIER,34070,MONTPELLIER,Etablissement public,Public
2021-2022,M MIASHS 2A,06/09/2021,02/09/2022,SANOFI AVENTIS RECHERCHE DEVELOPPEMENT,34070,MONTPELLIER,SA,Privé
2021-2022,M CNO 1A,11/09/2021,11/09/2023,LA PAGE QUI BOUGE,34270,VALFLAUNES,SAS,Privé
2021-2022,M GIMD 1A EAD,04/10/2021,23/09/2023,GRAINE OCCITANIE,34000,MONTPELLIER,ASSOCIATION,Association
2021-2022,M GRH SAC 2A,01/09/2021,23/09/2022,NIM EXPERT CONSEIL,30900,NIMES,SARL,Privé
2021-2022,M MIASHS 2A,01/09/2021,02/09/2022,DISRUPTDEAL,,,, 
2021-2022,M IDS PIDT 1A,13/09/2021,22/09/2023,AG2R AGIRC-ARRCO,75008,PARIS 08,Groupement d'intérêt économique,Public
2021-2022,M HUMANUM 2A EAD,20/12/2021,16/12/2022,RESEAU CANOPE,86360,MONTAMISE,Etablissement Public National à caractère administratif, 
2021-2022,M CNO 2A,01/09/2021,30/09/2022,MADAME NICOLE HACCART,34570,MURVIEL LES MONTPELLIER,Entreprise à responsabilité limitée,Privé
2021-2022,M COP 1A,06/09/2021,30/09/2023,FRAMATOME ETS ROMANS SUR ISERE,26100,ROMANS SUR ISERE,SA,Privé
2021-2022,M CNO 1A,01/09/2021,15/09/2023,DDTM 34 HERAULT,34070,MONTPELLIER,Administration d'Etat,Public
2021-2022,M GE 2A,01/09/2021,09/09/2022,ERG DÉVELOPPEMENT FRANCE,75009,PARIS 09,SAS,Privé
2021-2022,M HUMANUM 2A EAD,02/08/2021,30/09/2022,WEBFORCE 3,75004,PARIS 04,SAS,Privé
2021-2022,M GIMD 2A EAD,01/10/2021,30/09/2022,MINISTERE DES ARMEES,94300,VINCENNES,Administration d'Etat,Public
2021-2022,M ESSACAP 1A,20/09/2021,22/09/2023,INTER MADE,13003,MARSEILLE 03,ASSOCIATION,Association
2020-2022,M GRH SAC 2A,14/09/2020,23/09/2022,AUGEFI BASSIN DE THAU FRONTIGNAN,34110,FRONTIGNAN,SAS,Privé
2020-2022,M IDS PIDT 2A,01/10/2020,30/09/2022,CONSEIL DEPARTEMENTAL DE L'HERAULT,34070,MONTPELLIER,Collectivité Territoriale,Public
2021-2022,M EPSIN 2A,09/09/2021,20/09/2022,SNCF RESEAU,,,, 
2021-2022,M PTO 2A,01/09/2021,23/09/2022,SARL PRAXIS,31000,TOULOUSE,SARL,Privé
2021-2022,M ESEEC 2A,23/08/2021,23/09/2022,LEROY MERLIN FRANCE,22360,LANGUEUX,SAS,Privé
2021-2022,M MIASHS 1A,23/08/2021,29/09/2023,ENEDIS,34070,MONTPELLIER,Entreprise à responsabilité limitée,Privé
2021-2022,M MAVINUM 2 EAD,01/10/2021,30/09/2022,POLYWEB,34170,CASTELNAU LE LEZ,SAS,Privé
2020-2022,M MISRH 2A,01/09/2020,23/09/2022,GRID SOLUTIONS,34070,MONTPELLIER,SAS,Privé
2021-2022,M GRH SAC 2A,04/10/2021,23/09/2022,GROUPEMENT D EMPLOYEURS PROFESSION SPO,34070,MONTPELLIER,Groupement d'employeurs, 
2021-2022,LP DGDIN EAD,13/09/2021,12/09/2022,EPPDCSI - UNIVERSCIENCE,75019,PARIS 19,EPIC,Public
2021-2022,M MIASHS 2A,04/01/2021,30/09/2022,CONSEIL DEPARTEMENTAL DE L'HERAULT,34070,MONTPELLIER,Collectivité Territoriale,Public
2021-2022,M COMPAC 1A,01/09/2021,11/09/2023,AQUA-VALLEY PÔLE EAU,34070,MONTPELLIER,ASSOCIATION,Association
2021-2022,M MIASHS 1A,02/11/2021,30/09/2023,STE D'ENTRETIEN ET DE RESTAURATION DU,84250,LE THOR,SASU, 
2021-2022,M MIASHS 1A,01/09/2021,01/09/2023,INST NATIONAL RECHERCHE AGRONOMIQUE,34070,MONTPELLIER,EPST, 
2021-2022,M GIMD 2A EAD,06/09/2021,23/09/2022,MODELE DEPOSE,66100,PERPIGNAN,SARL,Privé
2021-2022,M ESEEC 1A,01/09/2021,30/09/2023,GROUPAMA MEDITERRANNEE,34070,MONTPELLIER,Syndicat professionnel, 
2021-2022,M COMPAC 1A,01/09/2021,11/09/2023,CHU DE MONTPELLIER,34070,MONTPELLIER,Administration d'Etat,Public
2021-2022,M PTO 2A,01/10/2021,30/09/2022,MICRO-CONTROLE - SPECTRA PHYSICS,45340,BEAUNE LA ROLANDE,SAS,Privé
2021-2022,M COP 2A,02/09/2021,06/09/2022,PASSEURS-CULTURES/IMAGES PACIM,34080,MONTPELLIER,ASSOCIATION,Association
2021-2022,M IDS PIDT 1A,30/08/2021,23/09/2023,CAISSE D ALLOCATIONS FAMILIALES DU GAR,30000,NIMES,Etablissement Public National à caractère administratif, 
2021-2022,LP DGDIN,01/09/2021,31/08/2022,UNIVERSITE PAUL VALERY MONTPELLIER 3,34199,MONTPELLIER CEDEX 5,Administration d'Etat,Public
2021-2022,M IDS PIDT 2A,01/11/2021,31/10/2022,VRAC & COCINAS - COOPERATIONS CITOYENN,34080,MONTPELLIER,ASSOCIATION,Association
2021-2022,LP ANIMATION,07/09/2021,30/08/2022,ASSOCIATION VIE ET CULTURE,64121,SERRES CASTET,ASSOCIATION,Association
2021-2022,M CNO 1A,01/09/2021,06/09/2022,DIRECTION INTERREGIONALE DES DOUANES O,34000,MONTPELLIER,Administration d'Etat,Public
2021-2022,M CAMD 2A,03/09/2021,31/10/2022,GROUP PROGRAMMATION CINEMAS INDEPENDAN,12100,MILLAU,SARL,Privé
2021-2022,M DDT 2A,13/09/2021,17/09/2022,COTTAGEPARKS MEDITERRANEE,34470,PEROLS,SAS,Privé
2020-2022,M MISRH 2A,01/09/2020,23/09/2022,SECRÉTARIAT GÉNÉRAL COMMUN DE VAUCLUSE,84000,AVIGNON CEDEX 9,Administration d'Etat,Public
2021-2022,M GE 2A,25/10/2021,09/09/2022,"SAVE (SABLE, VAGUE, ENVIRONNEMENT)",34110,FRONTIGNAN,ASSOCIATION,Association
2021-2022,M GE 2A,06/09/2021,09/09/2022,PREFECTURE DE L'HERAULT,34070,MONTPELLIER,Administration d'Etat,Public
2021-2022,M MIASHS 1A,01/09/2021,01/09/2023,ORANO CE TRICASTIN,26700,PIERRELATTE,SA,Privé
2021-2022,M MIASHS 1A,09/08/2021,01/09/2023,TZAV DESIGN,84000,AVIGNON,SARL,Privé
2021-2022,LP DGDIN,01/09/2021,31/08/2022,ECOUTER LE BRUIT,78300,POISSY,Entreprise à responsabilité limitée,Privé
2021-2022,M CAMD 2A,02/11/2021,16/09/2022,ASS OLYMPIA CINEMA ET SPECTACLE,32600,L ISLE JOURDAIN,ASSOCIATION,Association
2020-2022,M GRH SAC 2A,01/09/2020,30/09/2022,RM AUDIT & EXPERTISE,34070,MONTPELLIER,SARL,Privé
2021-2022,LP ANIMATION,01/07/2021,30/06/2022,LIGUE DE L ENSEIGNEMENT DU GARD,30900,NIMES,ASSOCIATION,Association
2021-2022,M COMPAC 1A,01/12/2021,30/11/2023,AGENCE REGIONALE DE SANTE OCCITANIE,34070,MONTPELLIER,Administration d'Etat,Public
2021-2022,M COMPAC 2A,01/02/2021,05/09/2022,BASSE COUR,30000,NIMES,ASSOCIATION,Association
2021-2022,M MISRH 2A,13/09/2021,23/09/2022,NORAUTO FRANCE,34540,BALARUC LE VIEUX,SAS,Privé
2021-2022,M MIASHS 1A,29/11/2021,31/10/2023,INTRADO DIGITAL MEDIA FRANCE,75009,PARIS 9E,, 
2021-2022,M GE 2A,06/09/2021,09/09/2022,CONSERVATOIRE D'ESPACES NATURELS RA,69390,VOURLES,ASSOCIATION,Association
2021-2022,M IDS PIDT 2A,18/10/2021,14/10/2022,ASSOCIATION DEFI,34070,MONTPELLIER,ASSOCIATION,Association
2021-2022,M CNO 1A,06/12/2021,11/09/2023,APACHES,34000,MONTPELLIER,SAS,Privé
2021-2022,M GIMD 1A EAD,01/10/2021,30/09/2023,COMITE DEPARTEMENTAL D EDUCATION POUR,34070,MONTPELLIER,ASSOCIATION,Association
2021-2022,M CNO 1A,22/11/2021,30/09/2023,HORYZON MEDIA,92130,ISSY LES MOULINEAUX,SAS,Privé
2021-2022,M MIASHS 1A,30/08/2021,01/09/2023,SANOFI AVENTIS RECHERCHE DEVELOPPEMENT,34070,MONTPELLIER,SA,Privé
2021-2022,M CNO 2A,01/02/2021,30/09/2022,APSARA MEDIA,13300,SALON DE PROVENCE,Entreprise à responsabilité limitée,Privé
2021-2022,M CAMD 2A,17/09/2021,16/09/2022,GINDOU CINEMA,46250,GINDOU,ASSOCIATION,Association
2021-2022,M MISRH 1A,01/09/2021,22/09/2023,GEST'RH,76620,LE HAVRE,SARL,Privé
2021-2022,M GRH SAC 2A,01/09/2021,23/09/2022,IMERYS PCC FRANCE,13129,ARLES,SAS,Privé
2021-2022,M MAVINUM 1A,01/11/2021,29/09/2023,HAIR FSY,94130,NOGENT SUR MARNE,SAS,Privé
2021-2022,M MAVINUM 1A,15/10/2021,30/09/2023,CONSEIL DEPARTEMENTAL DE L'HERAULT,34070,MONTPELLIER,Collectivité Territoriale,Public
